Date,Open,High,Low,Close,Volume,MA20,MA50,Returns
,AAPL,AAPL,AAPL,AAPL,AAPL,,,
2015-03-16,27.54577357347837,27.7836971282959,27.321192683806192,27.7836971282959,143497200,28.3976318359375,26.56214427947998,0.011004079577121573
2015-03-17,27.99494353231274,28.31069228587761,27.93935389134169,28.248432159423828,204092400,28.38884859085083,26.642815132141113,0.016726896675483438
2015-03-18,28.23953698952777,28.71983229121008,28.099451708101018,28.566404342651367,261083600,28.386069202423094,26.74348865509033,0.011256277213298693
2015-03-19,28.62866382972867,28.739843106737325,28.328480121097527,28.35071563720703,183238000,28.375507259368895,26.839804306030274,-0.0075504324190461825
2015-03-20,28.517480077372603,28.55083249807218,27.830393067587416,27.994937896728516,274780400,28.33548250198364,26.92240406036377,-0.01254916260426242
2015-03-23,28.266214820687726,28.428535585374448,28.13279835554253,28.286226272583008,150838800,28.271109676361085,26.992490768432617,0.010405037401012951
2015-03-24,28.290680439577347,28.470788634512814,28.141698914517413,28.17060661315918,131369200,28.21018362045288,27.059733505249024,-0.004087489731208649
2015-03-25,28.137254753092005,28.199514883696004,27.434600830078125,27.434600830078125,206620800,28.150035667419434,27.12448196411133,-0.02612672823088047
2015-03-26,27.29673052284318,27.76812946725988,27.26115234777586,27.62582015991211,190291600,28.08132667541504,27.18875804901123,0.0069700059067139275
2015-03-27,27.699200507933366,27.728106504535486,27.330086250365834,27.40568733215332,158184800,28.02340211868286,27.250492019653322,-0.007968372576254712
2015-03-30,27.58357741557871,28.106119642444803,27.572458810054766,28.099449157714844,188398800,27.993161487579346,27.339301719665528,0.025314520199884782
2015-03-31,28.037187954473346,28.126131711225387,27.652508623977777,27.668073654174805,168362400,27.938350105285643,27.423160438537597,-0.015351742346223274
2015-04-01,27.754801820559447,27.82151008259645,27.372344737331982,27.6280574798584,162485600,27.890654850006104,27.49412586212158,-0.001446294195127984
2015-04-02,27.801492143796175,27.919341916192426,27.614711756555614,27.865976333618164,128880400,27.878536319732667,27.566172981262206,0.008611494091946836
2015-04-06,27.67696793544134,28.352938105262208,27.64583787534428,28.317359924316406,148776000,27.8868745803833,27.634623184204102,0.016198377020570476
2015-04-07,28.381841514479785,28.48857265465359,28.01272725139245,28.019397735595703,140049200,27.87431116104126,27.694544906616212,-0.01052224464134599
2015-04-08,27.983825650100826,28.106123541988197,27.788150719542283,27.92823600769043,149316800,27.886429882049562,27.752111778259277,-0.0032535220337538417
2015-04-09,27.98382066980979,28.146143143202508,27.7192151726219,28.141695022583008,129936000,27.934459400177,27.83148941040039,0.007643125574912757
2015-04-10,28.006059476821086,28.286231732662372,27.852633226625628,28.26177215576172,160752000,27.96392183303833,27.8859375,0.0042668763584550184
2015-04-13,28.54416866862595,28.58864309715633,28.152818805185365,28.20618438720703,145460400,28.000166511535646,27.92337112426758,-0.001966888992251503
2015-04-14,28.239535497342878,28.304019679612928,27.997165495170943,28.083885192871094,102098400,28.015175914764406,27.966066436767576,-0.00433589998055206
2015-04-15,28.108354539074593,28.268451323696627,28.01941074997679,28.19062614440918,115881600,28.01228561401367,28.00438507080078,0.0038007900546888074
2015-04-16,28.07943699283474,28.261770933185833,28.04163644706391,28.054977416992188,113476000,27.98671426773071,28.039902114868163,-0.0048118380458141985
2015-04-17,27.917118641010806,28.04830938065471,27.67474692190119,27.73923110961914,207828000,27.95614004135132,28.065073127746583,-0.011254555748877793
2015-04-20,27.921565785715647,28.488579125779587,27.832622017726813,28.372953414916992,188217200,27.97504081726074,28.099138412475586,0.022845705520586623
2015-04-21,28.484123899873527,28.506357713100222,28.166149495147987,28.21951675415039,129740400,27.97170534133911,28.13462661743164,-0.005407849458700764
2015-04-22,28.237318056673356,28.65535161272857,28.08833820225842,28.599761962890625,150618000,27.993163108825684,28.174206581115723,0.013474547138880855
2015-04-23,28.528608412320764,29.000007547906723,28.49303022282521,28.83323860168457,183083600,28.063094997406004,28.208227500915527,0.00816358678428486
2015-04-24,29.015566948996813,29.04669700871143,28.73539301864322,28.968870162963867,178103600,28.130247497558592,28.232242240905762,0.004704000239202255
2015-04-27,29.420263763757543,29.602599431597344,29.16232699151122,29.495864868164062,387816800,28.23475637435913,28.25977035522461,0.01819175902393133
2015-04-28,29.898336053763348,29.91612175432839,28.811002737132416,29.03113555908203,475696000,28.28134069442749,28.275246620178223,-0.015755744446186104
2015-04-29,28.942186269320725,29.26015732972162,28.5285992793757,28.60420036315918,253544400,28.32814702987671,28.27884868621826,-0.014706114235662038
2015-04-30,28.604199621886025,28.604199621886025,27.70142458160776,27.828168869018555,332781600,28.338152599334716,28.26297222137451,-0.02712998385859844
2015-05-01,28.03941606319047,28.935522548503492,27.86153022046466,28.673137664794922,234050400,28.378510665893554,28.26519588470459,0.030363794317673554
2015-05-04,28.795431689470476,29.033356962148268,28.519705871146353,28.617544174194336,203953200,28.39351987838745,28.261638107299806,-0.001938870145657079
2015-05-05,28.495238617910434,28.561946842281053,27.968250091932884,27.972698211669922,197085600,28.391184902191164,28.22961841583252,-0.02253323900189519
2015-05-06,28.141693719755914,28.183942381380493,27.430147135062807,27.797039031982422,288564000,28.384625053405763,28.197776641845703,-0.006279665206348151
2015-05-07,27.85956113478025,28.152068713553735,27.69209562693978,27.96897315979004,175763600,28.375988960266113,28.18440490722656,0.006185339654694699
2015-05-08,28.286042868912773,28.495933532714844,28.15876914169282,28.495933532714844,222201600,28.38769702911377,28.17432357788086,0.018840890937047217
2015-05-11,28.444571508121946,28.482529943603403,28.051585348625007,28.20565414428711,168143200,28.387670516967773,28.167153091430663,-0.01018669516808346
2015-05-12,28.044888392389844,28.330695903089556,27.870724547028903,28.10517692565918,192640000,28.38873510360718,28.155171394348145,-0.0035623076888745553
2015-05-13,28.167698461266472,28.399917500772432,28.105178278235485,28.136438369750977,138776800,28.38602571487427,28.14261413574219,0.0011123019853063187
2015-05-14,28.449040986155204,28.79290199279785,28.393219150803873,28.79290199279785,180814000,28.42292194366455,28.14683292388916,0.023331439979006996
2015-05-15,28.819702957980056,28.913483246079785,28.627675680320152,28.752716064453125,152832000,28.47359619140625,28.159720306396483,-0.001395688713655141
2015-05-18,28.66563079542484,29.18812237147555,28.661164094483212,29.069780349731445,203531600,28.50843753814697,28.17810401916504,0.011027281199020633
2015-05-19,29.181424892950112,29.223850035423112,28.946972489400906,29.042987823486328,178532800,28.54961109161377,28.193550453186035,-0.0009216624935854956
2015-05-20,29.02735571492461,29.246176365558323,28.87998524513075,29.040752410888672,145819600,28.571660614013673,28.22064826965332,-7.69690987456606e-05
2015-05-21,29.04298715630798,29.391314876050284,28.989396965926638,29.337724685668945,158921600,28.59688491821289,28.263780670166014,0.01022605305050317
2015-05-22,29.384623734268693,29.690526387530536,29.33996352778473,29.594511032104492,182384000,28.628166961669923,28.3022204208374,0.008752769657047743
2015-05-26,29.607907533642262,29.67712607533172,28.830865009082903,28.942508697509766,282790400,28.600499153137207,28.331444778442382,-0.022031191320830645
2015-05-27,29.10326898125325,29.531980234316904,29.038517156439617,29.48285675048828,183332800,28.62308521270752,28.36542797088623,0.01866970339806806
2015-05-28,29.442673808642926,29.46276885496646,29.272976627863645,29.4248104095459,122933200,28.664115715026856,28.388955535888673,-0.0019688167070656126
2015-05-29,29.302002322091116,29.351125818927084,29.005029693799155,29.089879989624023,203538000,28.72720127105713,28.399425048828125,-0.011382585486879426
2015-06-01,29.08988427307424,29.337733441025723,29.03852912140014,29.147937774658203,128451200,28.750941276550293,28.41536949157715,0.001995806962933111
2015-06-02,28.99609107859143,29.17472161334342,28.875517426712925,29.018421173095703,134670400,28.77098512649536,28.435839157104493,-0.004443422466583691
2015-06-03,29.17471521612708,29.237235378517205,29.005014712131036,29.05413818359375,123934000,28.825057125091554,28.45119739532471,0.0012308392067574836
2015-06-04,28.93357249005647,29.156859818974553,28.783970388532666,28.884449005126953,153800400,28.87942762374878,28.465474243164063,-0.005840447835503748
2015-06-05,28.91571151713053,28.958136658313954,28.66116407712451,28.725915908813477,142507200,28.917274761199952,28.49130054473877,-0.005488527625551631
2015-06-08,28.78173923393358,28.850961177235256,28.319536172144808,28.53612518310547,210699200,28.919284343719482,28.509506645202638,-0.006606951239099712
2015-06-09,28.290502011083298,28.59863959476817,28.04935300658485,28.451269149780273,224301600,28.93156509399414,28.530418281555175,-0.002973635445622236
2015-06-10,28.56291204846722,28.879979617175298,28.547282005039268,28.77726936340332,156349200,28.96516971588135,28.543974685668946,0.011458195833262685
2015-06-11,28.844263155320245,29.067550543389032,28.687962665091124,28.7125244140625,141563600,28.993974018096925,28.5648637008667,-0.002249864242614974
2015-06-12,28.623208477905795,28.654468573391934,28.382057709686347,28.39545440673828,147544800,28.974101638793947,28.580211639404297,-0.011042916420435978
2015-06-15,28.156534567618184,28.411082010997315,28.06945263717518,28.339630126953125,175955600,28.953447341918945,28.589684715270995,-0.0019659583180295925
2015-06-16,28.36419659403523,28.54729218385298,28.21682780396123,28.491470336914062,125976400,28.924531841278075,28.59316692352295,0.005357875500870524
2015-06-17,28.518266457641506,28.55399155511659,28.299444060246437,28.42448616027832,131672400,28.893606758117677,28.601268692016603,-0.0023510256172688537
2015-06-18,28.408846386287326,28.649995396454134,28.40661303610098,28.55398178100586,141628800,28.869268226623536,28.61378360748291,0.004555777015540219
2015-06-19,28.516028041358947,28.540589786812227,28.223522150021005,28.268178939819336,218867600,28.815790939331055,28.616313285827637,-0.010009211443030352
2015-06-22,28.466906836655117,28.594180571703895,28.37535989915212,28.493701934814453,136157200,28.760750484466552,28.62095188140869,0.007977981017993407
2015-06-23,28.464673296400864,28.49370003981576,28.330699518061692,28.364192962646484,121075600,28.73183469772339,28.624112052917482,-0.004545178877221612
2015-06-24,28.404387694929415,28.982702900869484,28.384292648227373,28.6053466796875,221123600,28.68795919418335,28.63454128265381,0.008502047541370183
2015-06-25,28.772804269381098,28.84872114068404,28.469133377075195,28.469133377075195,127752400,28.640175342559814,28.64011142730713,-0.004761812682697819
2015-06-26,28.507095937640774,28.578547822431265,28.248083494105483,28.301671981811523,176267200,28.60076494216919,28.645045318603515,-0.005882209094517754
2015-06-29,28.013628432264692,28.23914911428784,27.79480780117253,27.805971145629883,196645600,28.533666610717773,28.64638011932373,-0.017514895816056697
2015-06-30,28.03819139644943,28.16100011566019,27.879657588452865,28.00693130493164,177482800,28.48309211730957,28.639059677124024,0.007227230376139593
2015-07-01,28.33516582806417,28.3440975267333,28.13197351632289,28.268178939819336,120955200,28.443794155120848,28.640032920837402,0.00932796356885035
2015-07-02,28.230222856534695,28.288278050960418,28.08285237150343,28.23245620727539,108844000,28.41119451522827,28.632686805725097,-0.0012637083067853494
2015-07-06,27.897524611636374,28.185565523968155,27.87742786244942,28.13420867919922,112241600,28.381609153747558,28.61870620727539,-0.003479949720097464
2015-07-07,28.10964779135441,28.167702986444347,27.6362779382124,28.064990997314453,187787200,28.358052444458007,28.600628623962404,-0.002460267593591192
2015-07-08,27.794813525637824,27.830538620225102,27.361635467764923,27.36833381652832,243046400,28.30390567779541,28.558078002929687,-0.024822996766783123
2015-07-09,27.65413987586442,27.70103001819271,26.620319986898956,26.81011390686035,314380000,28.205547904968263,28.513657569885254,-0.02039656171289639
2015-07-10,27.227662652442298,27.654140646579222,27.064662121527192,27.526866912841797,245418000,28.146265029907227,28.492110900878906,0.026734425988322208
2015-07-13,27.91761645667965,28.08061696799642,27.75908264624676,28.05828857421875,165762000,28.12940673828125,28.49671329498291,0.019305562927288245
2015-07-14,28.14313849368475,28.216823729856447,27.91985113816857,28.0471248626709,127072400,28.11478147506714,28.48419303894043,-0.0003978757121383403
2015-07-15,28.0716907321126,28.39099176555159,28.040430634031658,28.317306518554688,134596800,28.10607328414917,28.47818828582764,0.009633131995051114
2015-07-16,28.52272965247309,28.70806029162525,28.43564770992104,28.694660186767578,144889600,28.119581985473634,28.49262752532959,0.013325902587720817
2015-07-17,28.821935013130545,28.942508697509766,28.65000277896658,28.942508697509766,184658800,28.13900833129883,28.515536918640137,0.008637443661259292
2015-07-20,29.243953097644418,29.690527928904658,29.183664541437526,29.48957061767578,235600800,28.20007791519165,28.54594886779785,0.018901675935683038
2015-07-21,29.66372325413515,29.679351595599233,29.0988065798831,29.1948184967041,307025600,28.235133743286134,28.559926567077635,-0.009995130983528444
2015-07-22,27.238824045015008,28.022563140520017,27.238824045015008,27.96004295349121,461802400,28.21492624282837,28.555014343261718,-0.042294338748921745
2015-07-23,28.17886692957112,28.377592563285585,27.924319450351526,27.9466495513916,203998000,28.181991386413575,28.551843795776367,-0.00047901936781313825
2015-07-24,27.982366159463854,28.076146422616993,27.665298582014465,27.799270629882812,168649200,28.148498249053954,28.545100440979002,-0.005273581050843745
2015-07-27,27.484442462684633,27.60055285290327,27.26785513761631,27.41299057006836,177822000,28.104064178466796,28.517502212524413,-0.013895330742930367
2015-07-28,27.549196243286133,27.667539985288723,27.363869013173137,27.549196243286133,134472400,28.09122543334961,28.493431816101076,0.004968654290732344
2015-07-29,27.497833493217588,27.575983713639953,27.301339563530455,27.462106704711914,148046800,28.063984203338624,28.461278343200682,-0.003161237003255324
2015-07-30,27.312510106098458,27.36833194670964,27.176304678723376,27.32367515563965,134513200,28.01675901412964,28.42689208984375,-0.005040820449820571
2015-07-31,27.375029390656604,27.383961089285012,26.99767491900346,27.08475685119629,171540000,27.959374046325685,28.387772178649904,-0.00874400325294622
2015-08-03,27.129418239998433,27.36833568228285,26.240733666608726,26.44615936279297,279904000,27.87497158050537,28.32994087219238,-0.023577744925375455
2015-08-04,26.218402493459756,26.28092268429403,25.28729457236192,25.59766387939453,496554400,27.751605224609374,28.250003929138185,-0.032083883022809845
2015-08-05,25.22030752115851,26.22286902951498,25.030513599165996,25.767362594604492,397250400,27.671556663513183,28.18650100708008,0.006629461032440664
2015-08-06,26.01184224596239,26.1307199254701,25.596891241758055,25.82343101501465,211612000,27.6222225189209,28.113312492370607,0.0021759471969358124
2015-08-07,25.700078219367168,26.074655657682953,25.682133959610304,25.910917282104492,154681600,27.541425037384034,28.043034629821776,0.00338786379853917
2015-08-10,26.137449318951404,26.913520302057684,26.137449318951404,26.85296058654785,219806400,27.481158638000487,27.998296241760254,0.03635700327344216
2015-08-11,26.42455695725377,26.507547865105497,25.4197024905373,25.455589294433594,388331200,27.351581859588624,27.924449272155762,-0.05203788564059786
2015-08-12,25.24025515898116,25.888476280418214,24.589790578259198,25.848102569580078,404870000,27.22812166213989,27.86104290008545,0.015419532056651919
2015-08-13,26.027546042176308,26.108293477433204,25.691098965692007,25.82792091369629,194143200,27.084784698486327,27.7965185546875,-0.0007807790080320842
2015-08-14,25.6417491682977,26.088101741814516,25.572217330811124,26.009597778320312,171718000,26.938139152526855,27.739021530151366,0.0070341265652429374
2015-08-17,26.02755025094767,26.38867030833621,25.906429078476485,26.278764724731445,163538800,26.77759885787964,27.690078506469728,0.010348754667613091
2015-08-18,26.11502506372208,26.341566599691646,26.020820282480347,26.130725860595703,138242800,26.62439422607422,27.64197052001953,-0.005633402699344536
2015-08-19,26.041000445099755,26.13520520520476,25.7224976592639,25.79651641845703,193146000,26.51621789932251,27.588875465393066,-0.01278990273449121
2015-08-20,25.587921954384836,25.648481674930427,25.038390705136656,25.267175674438477,274006400,26.382244205474855,27.51867359161377,-0.020519853744276118
2015-08-21,24.7692351538536,25.098953580109377,23.69709068702081,23.721763610839844,513102000,26.178368854522706,27.418858375549316,-0.06116283369027464
2015-08-24,21.279158605812704,24.40363080241053,20.635422526171478,23.12961769104004,648825200,25.96420021057129,27.31354164123535,-0.024962137280940544
2015-08-25,24.921755869739176,24.921755869739176,23.214847613615213,23.268678665161133,414406400,25.75017433166504,27.21212261199951,0.006012246980414249
2015-08-26,24.020079865579447,24.64811515577482,23.562513301625625,24.603256225585938,387098400,25.60723180770874,27.13435832977295,0.057355107250803616
2015-08-27,25.17297330263905,25.399513122615115,24.67727305900723,25.32773780822754,338464400,25.507434940338136,27.072423362731932,0.02944657308767873
2015-08-28,25.159506447166763,25.415206032277094,25.0181993221083,25.410720825195312,212657600,25.423733139038085,27.009558143615724,0.0032763690778896404
2015-08-31,25.1281051184065,25.68885012849772,25.12137645208668,25.29184341430664,224917200,25.36601734161377,26.95003143310547,-0.004678238437486715
2015-09-01,24.70643277628633,25.094467479451218,24.080640955039204,24.161388397216797,307383600,25.294203567504884,26.863385162353516,-0.044696426376354514
2015-09-02,24.724381561589574,25.197649002075195,24.47765227015218,25.197649002075195,247555200,25.265717887878417,26.80005428314209,0.042889116627824464
2015-09-03,25.231288148328805,25.296334790713942,24.68175858892311,24.75577735900879,212935600,25.212335205078126,26.723062896728514,-0.017536225027581565
2015-09-04,24.441756265899464,24.773716387417842,24.338579378873042,24.509044647216797,199985200,25.14224157333374,26.643861122131348,-0.009966671949495631
2015-09-08,25.06530399445787,25.246984844935913,24.744557754087413,25.19091033935547,219374400,25.059139060974122,26.58164588928223,0.027820982088589963
2015-09-09,25.516150468544666,25.574466738172337,24.621199882907593,24.70643424987793,340043200,25.021681308746338,26.51965515136719,-0.019232178708549763
2015-09-10,24.73334140390754,25.408478909378395,24.65035223341905,25.24922752380371,251571200,24.99173755645752,26.46450107574463,0.0219697131701011
2015-09-11,25.074272337659515,25.61707305908203,25.067543671806334,25.61707305908203,199662000,24.981195163726806,26.411478958129884,0.014568585709465065
2015-09-14,26.148667160912005,26.218199009025287,25.762874239912513,25.863807678222656,233453600,24.973905658721925,26.36410598754883,0.009631647556751277
2015-09-15,26.002871152414873,26.137449630575368,25.66418064189204,26.081375122070312,173364800,24.964036178588866,26.32304931640625,0.008412042285283805
2015-09-16,26.07464616152531,26.13969279601042,25.892965303615362,26.11053466796875,148694000,24.96302661895752,26.283960189819336,0.0011180217976223261
2015-09-17,25.942314231404556,26.128480319144057,25.507175450917547,25.552034378051758,256450400,24.950802516937255,26.247634201049806,-0.021389845019226472
2015-09-18,25.168484206474112,25.6372680249508,25.09222369020749,25.446613311767578,297141200,24.95977439880371,26.22036418914795,-0.004125740624970842
2015-09-21,25.49595806767053,25.877265766487003,25.493716319352583,25.84137725830078,200888000,25.065755081176757,26.18665439605713,0.01551341790346017
2015-09-22,25.43092071775871,25.61035990170705,25.23802419395486,25.435407638549805,201384800,25.181044578552246,26.13419677734375,-0.015710061259237684
2015-09-23,25.486978462207965,25.731464146529166,25.412961430493983,25.64174461364746,143026800,25.299697875976562,26.08608917236328,0.008112194545092821
2015-09-24,25.401751825083856,25.906422391145128,25.2043701752995,25.794273376464844,200878000,25.35924873352051,26.035628509521484,0.005948454955603921
2015-09-25,26.11726922300855,26.173343743524278,25.574466563859787,25.729232788085938,224607600,25.379323482513428,25.97631996154785,-0.0025215127183326747
2015-09-28,25.536331134475855,25.697825994691254,25.22007179260254,25.22007179260254,208436000,25.36979103088379,25.901871223449707,-0.019789202409454254
2015-09-29,25.307553126349635,25.46007589130481,24.192791379564408,24.46194839477539,293461600,25.328296279907228,25.8013187789917,-0.030060318783450835
2015-09-30,24.710914317708884,25.01820324435386,24.387926308187456,24.740074157714844,265892000,25.357230567932127,25.712223892211913,0.011369730589361193
2015-10-01,24.46418647261006,24.587551075675574,24.069421454058606,24.57857894897461,255716400,25.3262770652771,25.644594612121583,-0.006527676825490603
2015-10-02,24.22643320282759,24.89932736235935,24.123256303717053,24.758018493652344,232079200,25.326389122009278,25.580821990966797,0.0073006476513655105
2015-10-05,24.64586778233064,24.98007309082527,24.464186919279005,24.847736358642578,208258800,25.343323707580566,25.521791305541992,0.0036237902081395212
2015-10-06,24.814092932725227,25.06306390790795,24.621196470669094,24.966615676879883,192787200,25.332108974456787,25.472863807678223,0.004784311798927909
2015-10-07,25.063062269622574,25.0697909369566,24.540449142000504,24.847736358642578,187062400,25.33917407989502,25.418834609985353,-0.004761531149269582
2015-10-08,24.715404642141984,24.715404642141984,24.271293714878546,24.560638427734375,247918400,25.30474462509155,25.3608052444458,-0.011554289161972098
2015-10-09,24.67278390489033,25.184183152026744,24.55839142763354,25.148296356201172,211064400,25.28130578994751,25.31729766845703,0.023926818115737714
2015-10-12,25.28512180516072,25.289607013539783,24.995777093845483,25.03166389465332,121868800,25.239698600769042,25.27623580932617,-0.004637787780765179
2015-10-13,24.856708507107804,25.222313693059533,24.825306918682905,25.074277877807617,132197200,25.18934373855591,25.248798179626466,0.001702403137627595
2015-10-14,24.96213099969483,25.01371859456382,24.574094607652142,24.71988868713379,177849600,25.11981143951416,25.23124267578125,-0.014133575148239319
2015-10-15,24.88138192377093,25.14381022280234,24.782690237465133,25.08997917175293,150694000,25.096708679199217,25.21769500732422,0.014971365336760911
2015-10-16,25.072037446834603,25.121383294965348,24.79166486541758,24.906057357788086,156930400,25.069680881500243,25.199347534179687,-0.007330488905782251
2015-10-19,24.852229955552506,25.065312464257488,24.69746372025096,25.060827255249023,119036800,25.030653381347655,25.182345733642578,0.0062141468333420935
2015-10-20,24.97334627729678,25.608110225715027,24.856712033921024,25.518390655517578,195871200,25.034802532196046,25.15565433502197,0.018258112376267066
2015-10-21,25.569976757039264,25.92436807367214,25.50268666001744,25.516145706176758,167180800,25.02852258682251,25.156865463256835,-8.797378216851559e-05
2015-10-22,25.643995273146963,25.906423568725586,25.592405971095445,25.906423568725586,166616400,25.034130096435547,25.158031883239747,0.015295329750933062
2015-10-23,26.175583047779984,26.743058579861522,26.092593860372293,26.709413528442383,237467600,25.08313913345337,25.175661735534668,0.03099578595195096
2015-10-26,26.48511572124512,26.496329597653407,25.776333019918006,25.857080459594727,265335200,25.11498956680298,25.172611389160156,-0.031911335976734234
2015-10-27,25.88399328684352,26.1396929069345,25.56773223968678,25.693340301513672,279537600,25.176559162139892,25.160902900695802,-0.006332507582861968
2015-10-28,26.227170899119155,26.758757890513674,26.032030980725605,26.75202751159668,342205600,25.277156829833984,25.17332893371582,0.04120473234150235
2015-10-29,26.624173582124154,27.070527862170877,26.527725367636346,27.034639358520508,204909200,25.39995985031128,25.19809139251709,0.010564128150710062
2015-10-30,27.1378191678985,27.189408469648065,26.792399983652906,26.80361557006836,197461200,25.50223970413208,25.228820190429687,-0.008545473286638683
2015-11-02,27.09520064446117,27.220806984090192,26.828285461491465,27.18043327331543,128813200,25.618874549865723,25.2979935836792,0.014058465443291368
2015-11-03,27.09296391453022,27.698568015313565,27.0727761984996,27.49221420288086,182076000,25.745154476165773,25.385245513916015,0.011470785856512622
2015-11-04,27.617822752863653,27.77258898002908,27.27913387462253,27.36436653137207,179544400,25.870985984802246,25.467159271240234,-0.004650322835597298
2015-11-05,27.447706558500503,27.636924307296095,27.07152584230477,27.238216400146484,158210800,26.00486488342285,25.519858474731446,-0.004610014672949192
2015-11-06,27.28101991423142,27.4386999620281,27.170643880773742,27.269756317138672,132169200,26.110937881469727,25.558698844909667,0.001157928864682134
2015-11-09,27.24723051591238,27.438699634115476,27.042246456226405,27.159379959106445,135485600,26.21732368469238,25.59367202758789,-0.004047574050482283
2015-11-10,26.332680887492543,26.596232538644294,26.143463127646314,26.303396224975586,236511600,26.278779602050783,25.61390308380127,-0.031517057289956685
2015-11-11,26.21328789847664,26.449807892021965,25.951987655798305,26.154720306396484,180872000,26.350521183013917,25.65376972198486,-0.0056523468417333245
2015-11-12,26.188515074628896,26.31465909867427,26.051107454758,26.066875457763672,130102400,26.399365997314455,25.67115425109863,-0.0033586613660452347
2015-11-13,25.949746307872562,26.033092468127528,25.289739653224288,25.30550765991211,183249600,26.419338512420655,25.6821488571167,-0.02920824933871391
2015-11-16,25.089252898378675,25.73349136463906,25.003655417441404,25.7199764251709,152426800,26.452295970916747,25.70636749267578,0.016378599110871583
2015-11-17,25.886666634032267,25.915951293932938,25.526253931504694,25.609600067138672,110467600,26.456856441497802,25.714741287231444,-0.004291464199174255
2015-11-18,26.075891249922357,26.465586996481264,26.017323633267388,26.420536041259766,186698800,26.502075958251954,25.74902332305908,0.03166531191409194
2015-11-19,26.499372269334888,26.974667168623625,26.30114568878998,26.756166458129883,173183200,26.54456310272217,25.779162101745605,0.012703391647541862
2015-11-20,26.850773360347215,27.012959518830655,26.771933344024283,26.873300552368164,137148400,26.552757453918456,25.804286651611328,0.004377835457915147
2015-11-23,26.866542527791964,26.9701628035447,26.43179416913448,26.524150848388672,129930000,26.586110973358153,25.817493515014647,-0.012992438472494316
2015-11-24,26.429535562162098,26.88455620718216,26.382231563317173,26.778684616088867,171212800,26.640378189086913,25.83143970489502,0.009596302221138053
2015-11-25,26.853025851129228,26.857531976870792,26.562442609801547,26.587221145629883,85553200,26.632137870788576,25.84097343444824,-0.007149845976525349
2015-11-27,26.64578717592846,26.672818773030528,26.490358500112393,26.537662506103516,52185600,26.607289028167724,25.860685997009277,-0.001864002230805295
2015-11-30,26.5782133785878,26.89808131477239,26.52415189414709,26.64804458618164,156721200,26.59951047897339,25.884714622497558,0.004159449991224307
2015-12-01,26.749404201420703,26.762919139912682,26.323666453091068,26.43178939819336,139409600,26.562078285217286,25.89652286529541,-0.00811523664668512
2015-12-02,26.43179105368523,26.605240795250975,26.14796701607765,26.193017959594727,133546400,26.49711847305298,25.91167507171631,-0.009033495046497086
2015-12-03,26.253839348351395,26.307900825780568,25.72898742083399,25.949739456176758,166278000,26.426387119293214,25.917834968566893,-0.009287914198862102
2015-12-04,25.970013965964647,26.86203609027978,25.92946742765108,26.81247901916504,231108000,26.40510025024414,25.938199081420898,0.033246559736958226
2015-12-07,26.80121736144958,26.999443928947482,26.537664000962682,26.643535614013672,128336800,26.37378921508789,25.956485137939453,-0.006300924469930913
2015-12-08,26.472334124352074,26.715613312092575,26.32366465534384,26.63226890563965,137238000,26.347433662414552,25.984729080200196,-0.0004228683661674504
2015-12-09,26.499364585769648,26.510628178984593,25.9227043596916,26.044343948364258,185445600,26.334481048583985,26.016376991271972,-0.022075661647847467
2015-12-10,26.138960462318146,26.341693176169983,26.019573897100837,26.168243408203125,116850800,26.335157203674317,26.044940376281737,0.00475725017625761
2015-12-11,25.947491815712386,25.99254276690341,25.42038675014256,25.494722366333008,187544800,26.306549549102783,26.063263244628907,-0.02573810673356025
2015-12-14,25.269463710725063,25.38209280522489,24.731096776502564,25.3370418548584,257274800,26.3081262588501,26.074843711853028,-0.006184829519180535
2015-12-15,25.215396386682134,25.409118521842476,24.85723505545938,24.888771057128906,213292400,26.266565990447997,26.075664405822753,-0.017692309950679386
2015-12-16,25.019428919468982,25.226666056924753,24.508093547049064,25.08024787902832,224954000,26.24009838104248,26.077937049865724,0.007693301588089785
2015-12-17,25.233412907720027,25.285223029569607,24.548629760742188,24.548629760742188,179091200,26.146503067016603,26.071954917907714,-0.021196685170351226
2015-12-18,24.53287137888919,24.670277299747227,23.83456958425084,23.884126663208008,385813200,26.002901077270508,26.058424682617186,-0.027068846775181066
2015-12-21,24.16569639543183,24.185970524556982,23.78050512788861,24.176959991455078,190362400,25.868084049224855,26.038997955322266,0.012260583456801033
2015-12-22,24.19272576997696,24.26480830958003,23.978729495298605,24.15443229675293,131157600,25.749598121643068,26.02145332336426,-0.0009317835952126208
2015-12-23,24.163445110842336,24.51935346093538,24.147677106399406,24.46529197692871,130629600,25.633928489685058,26.009273605346678,0.012869674449669022
2015-12-24,24.55314120884414,24.55314120884414,24.316619436371415,24.334640502929688,54281600,25.52129945755005,26.001568641662598,-0.005340278551436484
2015-12-28,24.23552459552697,24.2580517863807,23.917911483773185,24.062076568603516,106816800,25.39752016067505,25.98101058959961,-0.011200655883671584
2015-12-29,24.09361243844276,24.65000036517696,24.071086966298672,24.494571685791016,123724800,25.28984651565552,25.972780876159668,0.01797413934555525
2015-12-30,24.45853512581429,24.48556500921053,24.14317331038366,24.17470932006836,100855200,25.17699251174927,25.955058517456056,-0.01305850005567577
2015-12-31,24.104870246767142,24.10937465268121,23.611554447903817,23.710668563842773,163649200,25.05287504196167,25.91890407562256,-0.01919529827977573
2016-01-04,23.11373688408393,23.735449804821453,22.976329287135002,23.73094367980957,270597600,24.94193525314331,25.883200035095214,0.0008551051992569114
2016-01-05,23.821047831906707,23.8435733017427,23.06868648416878,23.136262893676758,223164000,24.758124446868898,25.827796821594237,-0.025059297858381013
2016-01-06,22.65196237437679,23.059680854996756,22.49653539645649,22.68349838256836,273829600,24.560122585296632,25.747278518676758,-0.019569474689542066
2016-01-07,22.228471149896194,22.55509473351761,21.721640384466582,21.726144790649414,324377600,24.314816379547118,25.664659805297852,-0.04220484758447329
2016-01-08,22.199193413329677,22.325337438994353,21.7959810814847,21.841032028198242,283192000,24.10465078353882,25.58761363983154,0.0052879716422709055
2016-01-11,22.293802948807883,22.314075360632692,21.926631005645223,22.19468879699707,198957600,23.905973052978517,25.49646686553955,0.016192310342397542
2016-01-12,22.64970693933139,22.681242941827485,22.264514002903095,22.516803741455078,196616800,23.757077121734618,25.40611015319824,0.014513154358874791
2016-01-13,22.597899416901196,22.793874642374632,21.91762050355392,21.93789291381836,249758400,23.58711967468262,25.308795700073244,-0.02571016891579958
2016-01-14,22.066288113904072,22.633939612925026,21.56621474715147,22.41769027709961,252680400,23.463565635681153,25.213540840148926,0.02187071316129141
2016-01-15,21.669839473879524,22.00997985782293,21.48062339926229,21.879329681396484,319335600,23.30351972579956,25.101283149719237,-0.024014989459153924
2016-01-19,22.167654505988224,22.221715978686518,21.51215249001138,21.773452758789062,212350800,23.164760875701905,24.98946487426758,-0.004839130089869581
2016-01-20,21.422053211574006,22.11810190214439,21.04361938917253,21.8027400970459,289337600,23.060691547393798,24.880755348205568,0.0013450938893930786
2016-01-21,21.863556798538532,22.04826842385823,21.386010591829923,21.69236183166504,208646000,22.936461639404296,24.769207458496094,-0.005062586853283424
2016-01-22,22.217213527254792,22.85469458488389,22.158647638223634,22.845684051513672,263202000,22.871024227142335,24.682933540344237,0.05316720368203942
2016-01-25,22.868211106825548,22.870464169969765,22.347865228447493,22.399675369262695,207178000,22.767743396759034,24.604859123229982,-0.01952266700551808
2016-01-26,22.510046538883586,22.724041089583306,22.091066250947,22.523561477661133,300308000,22.677189445495607,24.532235946655273,0.005530709992718652
2016-01-27,21.633790334665466,21.766691802288033,21.025592371541684,21.04361343383789,533478800,22.526266288757324,24.431770706176756,-0.06570666212317511
2016-01-28,21.1269674076571,21.29140493610256,20.81160557463448,21.194543838500977,222715200,22.36126489639282,24.349551429748534,0.007172266547169626
2016-01-29,21.35222084528705,21.92662811279297,21.25310670655269,21.92662811279297,257666000,22.248860836029053,24.273684463500977,0.034541166814929136
2016-02-01,21.73065779637512,21.784719280602793,21.48963160257156,21.721647262573242,163774000,22.149409770965576,24.195925407409668,-0.009348489387665193
2016-02-02,21.494130158792558,21.633790816826192,21.237336030389166,21.28238868713379,149428800,22.026982021331786,24.09316246032715,-0.020222157653591144
2016-02-03,21.39952653410023,21.81400074941957,21.192289426440556,21.703624725341797,183857200,21.95535011291504,23.992111625671388,0.019792704869762368
2016-02-04,21.710418542607215,22.04334511840949,21.558677038559985,21.878013610839844,185886800,21.915075874328615,23.89220588684082,0.008035012017804766
2016-02-05,21.859894731130765,21.950487266896594,21.218956298789394,21.29369354248047,185672400,21.893453311920165,23.787596740722655,-0.026708095111059982
2016-02-08,21.0921293521255,21.674184195858096,21.071746935546646,21.517913818359375,216085600,21.877297401428223,23.682381324768066,0.010529891182644802
2016-02-09,21.35484440774409,21.72853754079699,21.273311297699493,21.51338005065918,177324800,21.84323196411133,23.580904502868652,-0.00021069736306533748
2016-02-10,21.724000486229354,21.82138713152791,21.31180620964419,21.35030746459961,169374400,21.784907150268555,23.477157402038575,-0.007580054165155392
2016-02-11,21.24160415793437,21.452231070787203,20.96982654862582,21.221220016479492,200298800,21.74907350540161,23.36862091064453,-0.0060461634257096275
2016-02-12,21.33219287601772,21.40240125843209,21.06494589171672,21.286895751953125,161405600,21.692533779144288,23.265723037719727,0.00309481431428682
2016-02-16,21.520170765310173,21.934630387457513,21.42731468291873,21.887069702148438,196231600,21.692920780181886,23.1796040725708,0.028194526679177434
2016-02-17,21.893867511909757,22.24264765726417,21.77609842299308,22.222265243530273,179452800,21.715361404418946,23.10505458831787,0.015314774702295253
2016-02-18,22.38532646219024,22.396651175658235,21.762505235441324,21.801008224487305,156084000,21.715274810791016,23.004825172424315,-0.018956529157872937
2016-02-19,21.74212313083212,21.914248756098978,21.696827732139703,21.751182556152344,141496800,21.71821584701538,22.90697811126709,-0.002285475415719329
2016-02-22,21.812333432526223,21.945957807847254,21.724006187783868,21.94142723083496,137123200,21.673003005981446,22.813161277770995,0.008746406049026767
2016-02-23,21.832719819786092,21.855367523451385,21.41373125429655,21.445438385009766,127770400,21.6252911567688,22.721183166503906,-0.022605131407685608
2016-02-24,21.284638664128842,21.828190494923877,21.13516070112382,21.7647762298584,145022800,21.587351894378664,22.633113822937013,0.014890711913441157
2016-02-25,21.753450397006887,21.91425132751465,21.57226532515957,21.91425132751465,110330800,21.6308837890625,22.561504402160644,0.006867752559348128
2016-02-26,22.013900929565107,22.199614845314983,21.873484144430357,21.948223114013672,115964400,21.668567752838136,22.49372802734375,0.0015502143327328355
2016-02-29,21.9368987113174,22.24717758078485,21.889338019426862,21.89839744567871,140865200,21.667156219482422,22.433920555114746,-0.0022701458827046883
2016-03-01,22.115818525109407,22.82243649472265,22.063727256060517,22.768081665039062,201628400,21.719477939605714,22.38767723083496,0.03971451433912887
2016-03-02,22.76354869882384,22.849610640916676,22.566510100982722,22.817903518676758,132678400,21.79625368118286,22.35306270599365,0.002188232384733535
2016-03-03,22.779404661211583,23.03532695424258,22.7499610960932,22.98776626586914,147822800,21.86046075820923,22.335135498046874,0.007444274933205319
2016-03-04,23.18480461656577,23.497347019940484,22.958324163361524,23.32975196838379,184220400,21.933047676086424,22.31819133758545,0.014876856609700617
2016-03-07,23.189330875588524,23.288982816800157,22.865463794559258,23.071561813354492,143315600,22.021941089630126,22.29653392791748,-0.011066990998412352
2016-03-08,22.824700837488127,23.046652452021572,22.73863888339616,22.88132095336914,126247600,22.090111446380615,22.264854507446287,-0.008245686248914197
2016-03-09,22.94474254445522,23.00589325679174,22.7092025797151,22.90171241760254,108806800,22.159528064727784,22.236195945739745,0.0008911838732981181
2016-03-10,22.96738909763918,23.155366605675063,22.68202317434147,22.91303253173828,134054400,22.237664318084718,22.21321506500244,0.0004942911660632543
2016-03-11,23.155364365895892,23.164423792669737,22.987769290352173,23.159894943237305,109632800,22.334598064422607,22.186521530151367,0.010773886483907313
2016-03-14,23.0806195197686,23.30709993082122,23.051175960470374,23.21877098083496,100304400,22.431191825866698,22.1674027633667,0.002542154778420125
2016-03-15,23.54491091509402,23.82121738210756,23.519997923615165,23.68532943725586,160270800,22.52110481262207,22.166895980834962,0.02009402034267893
2016-03-16,23.692119964794824,24.077136037852313,23.687589388175116,24.000133514404297,153214000,22.60999822616577,22.172279777526857,0.013291099791640004
2016-03-17,23.89821770115253,24.11337517779888,23.771389194773242,23.961633682250977,137682800,22.718029499053955,22.18878719329834,-0.0016041507490036633
2016-03-18,24.08393096279268,24.120168665301076,23.82347981962583,23.98880958557129,176820800,22.829910850524904,22.214893417358397,0.0011341423410726748
2016-03-21,23.991074411516013,24.38062106642876,23.81215464662429,23.98654556274414,142010800,22.93216676712036,22.260101432800294,-9.437828997194142e-05
2016-03-22,23.83706969110818,24.299090061591315,23.828010264874134,24.16999626159668,129777600,23.068394660949707,22.30668071746826,0.007648066636884776
2016-03-23,24.11564269013365,24.24926534626152,23.98428359475072,24.036373138427734,102814000,23.181974506378175,22.343514404296876,-0.00552847099034337
2016-03-24,23.88689454028983,24.063549023716174,23.755535457979903,23.93218994140625,104532000,23.282871437072753,22.3718221282959,-0.004334397557463565
2016-03-28,24.00693307340639,24.04996492146888,23.79404084982452,23.823484420776367,77645600,23.376634502410887,22.40953395843506,-0.004542230397470037
2016-03-29,23.7555379850751,24.412331738585134,23.753272696405663,24.387418746948242,124760400,23.501085567474366,22.44892852783203,0.023671362098487636
2016-03-30,24.607103665628895,25.007973341395775,24.595778950848203,24.813199996948242,182404400,23.603341484069823,22.507605934143065,0.017459053556181825
2016-03-31,24.849438336091747,24.890204891270198,24.659193835956014,24.684106826782227,103553600,23.696651649475097,22.565819015502928,-0.005202600639252153
2016-04-01,24.63654048044911,24.912846876821035,24.50518141858237,24.910581588745117,103496000,23.792792415618898,22.627975845336913,0.009174922291179
2016-04-04,25.007970372383937,25.4088417284672,24.973997959984032,25.166507720947266,149424800,23.88463020324707,22.697458763122558,0.010273791934178655
2016-04-05,24.801882243864046,25.078188754894956,24.781498098539036,24.86982536315918,106314800,23.974543380737305,22.73794158935547,-0.011788777413130891
2016-04-06,24.96494024682486,25.13480058080752,24.731663936712053,25.13027000427246,105616400,24.08699083328247,22.792553482055663,0.010472314835756391
2016-04-07,24.90152997718862,25.007976087343256,24.487071980503337,24.58219337463379,127207600,24.171014881134035,22.833726119995116,-0.021809420652682654
2016-04-08,24.66598939678476,24.86076101588604,24.4983926009516,24.6093692779541,94326800,24.255831718444824,22.90504123687744,0.0011055117379539237
2016-04-11,24.67957590905189,25.051003723810304,24.647868783004864,24.690898895263672,117630000,24.332381916046142,22.974968338012694,0.003312950299080075
2016-04-12,24.763374669167092,25.026092853404545,24.609369602707936,25.01250457763672,108929200,24.42206859588623,23.036685867309572,0.01302527233768469
2016-04-13,25.094035020850985,25.442813399819443,25.094035020850985,25.37487030029297,133029200,24.506545639038087,23.109750328063964,0.014487382562249795
2016-04-14,25.279750502110513,25.454139702479686,25.214070958932584,25.388460159301758,101895600,24.575961971282958,23.191871757507325,0.0005355636835957522
2016-04-15,25.390729791727644,25.43376164101183,24.851706806823568,24.878883361816406,187756000,24.62182445526123,23.255376930236817,-0.020071197476647873
2016-04-18,24.661457681218543,24.675045956179787,24.219821465889925,24.342121124267578,243286000,24.639490032196044,23.30465908050537,-0.021575013224775175
2016-04-19,24.432714483910782,24.459892764585337,24.059023060112374,24.213029861450195,129539600,24.650814247131347,23.363045806884767,-0.0053032051791364054
2016-04-20,24.15187107462174,24.480266981907725,24.02051202054398,24.262845993041992,122444000,24.655456733703613,23.417944450378418,0.0020574100753540936
2016-04-21,24.217554538615328,24.217554538615328,23.89821627536529,24.000133514404297,126210000,24.65364475250244,23.46767951965332,-0.010827768461829868
2016-04-22,23.782721954098864,24.115648623872794,23.694394681862036,23.934463500976562,134732400,24.653758430480956,23.51936264038086,-0.0027362353375376403
2016-04-25,23.78044796699292,23.9276606095132,23.669473026961406,23.798566818237305,112126400,24.652512550354004,23.570909576416014,-0.005677866258991471
2016-04-26,23.53358760211703,23.848395332367442,23.53358760211703,23.633237838745117,224064800,24.614803504943847,23.617836418151857,-0.006947014110341043
2016-04-27,21.74212537212017,22.35588724558825,21.669651689996126,22.154319763183594,458408400,24.481859493255616,23.623181419372557,-0.06257788651950758
2016-04-28,22.106757733313717,22.16790669694198,21.345783253113265,21.477142333984375,328970800,24.321511268615723,23.60827896118164,-0.03056638328045458
2016-04-29,21.28690195548378,21.452233482661203,20.951711779266073,21.230281829833984,274126000,24.137496280670167,23.596864433288573,-0.011494103838934455
2016-05-02,21.282369124043885,21.307282112901614,20.926794870603057,21.207630157470703,192640400,23.93955240249634,23.585993385314943,-0.0010669510911273106
2016-05-03,21.334462004439807,21.683242175177742,21.21669290695213,21.556413650512695,227325200,23.773881816864012,23.578293113708497,0.016446132380290024
2016-05-04,21.560937376849367,21.719474722918175,21.24839498908705,21.33219337463379,164102000,23.58397798538208,23.576028213500976,-0.010401557490690161
2016-05-05,21.418784831513033,21.434734920892943,21.11801047575662,21.2456111907959,143562000,23.417148876190186,23.565644912719726,-0.004058756749357295
2016-05-06,21.275227988494596,21.293455415162843,20.92888080536488,21.127119064331055,174799600,23.243036365509035,23.549902267456055,-0.005577251951037199
2016-05-09,21.1909223895964,21.366373347698225,21.097499209131772,21.1430721282959,131745600,23.065645027160645,23.533799247741698,0.0007550988810289816
2016-05-10,21.266114585699782,21.320800345595995,20.988125887048184,21.28662109375,134747200,22.879350852966308,23.521563720703124,0.00678940905952774
2016-05-11,21.30029326158782,21.320799769083546,21.067875746062786,21.079269409179688,114876400,22.664570808410645,23.487787475585936,-0.009740939327904541
2016-05-12,21.127116554382336,21.140787557366593,20.386573759971643,20.584810256958008,305258800,22.424388313293456,23.44312561035156,-0.023457129496449736
2016-05-13,20.50734358750293,20.887868323514734,20.50734358750293,20.625829696655273,177571200,22.2117356300354,23.395886878967286,0.0019927042894845037
2016-05-16,21.051921916800545,21.507640545567185,20.8833065109169,21.39143180847168,245039200,22.064201164245606,23.357120475769044,0.03711860919420662
2016-05-17,21.5441101542952,21.578287678610693,21.193206417743497,21.30257797241211,187667600,21.918678569793702,23.321740798950195,-0.004153711488558809
2016-05-18,21.45524054073366,21.694491852089957,21.39371753322122,21.546382904052734,168249600,21.782855415344237,23.295042037963867,0.011444855733252712
2016-05-19,21.56460841546963,21.56460841546963,21.32079898423161,21.4643497467041,121768400,21.65606622695923,23.2662947845459,-0.0038072820720735923
2016-05-20,21.56460327824062,21.744612327719306,21.53725953733794,21.696762084960938,128104000,21.544181156158448,23.241969375610353,0.010827830379185999
2016-05-23,21.844881969682415,22.145656317313065,21.799309045235763,21.972482681274414,152074400,21.4528769493103,23.218221130371095,0.012707914445196922
2016-05-24,22.152482054689294,22.350718538737592,22.065894405630456,22.30742645263672,140560800,21.386586380004882,23.19999423980713,0.015243783609748984
2016-05-25,22.482884808411256,22.72669427765415,22.35528411076761,22.699352264404297,152675200,21.41383800506592,23.180274696350097,0.01756929749828906
2016-05-26,22.713022093799868,22.9522751279102,22.476048140151935,22.87936019897461,225324800,21.48394889831543,23.157859230041502,0.007930091241087567
2016-05-27,22.65833908321977,22.893033984905465,22.615045241321894,22.865690231323242,145364800,21.565719318389892,23.13594036102295,-0.0005974803286666885
2016-05-31,22.694793931414328,22.877082131035774,22.51706389291943,22.754037857055664,169228800,21.64303970336914,23.11124492645264,-0.004882965400914374
2016-06-01,22.56263257340704,22.681120411559874,22.40541080054539,22.43503189086914,116693200,21.68697061538696,23.080214653015137,-0.01401975193108873
2016-06-02,22.239074706130616,22.29376046950281,22.018050833697107,22.26641845703125,160766400,21.733681869506835,23.042143096923827,-0.007515631564870451
2016-06-03,22.282373453098884,22.391745003940326,22.204900344359192,22.311994552612305,114019600,21.787001037597655,23.007655525207518,0.00204685345642841
2016-06-06,22.327940276709967,23.21659221106314,22.227683331115195,22.473770141601562,93170000,21.85433359146118,22.978487129211427,0.007250610814187208
2016-06-07,22.615047869578415,22.756321338527762,22.54896842789708,22.564918518066406,89638000,21.925425910949706,22.953315811157225,0.00405576705156907
2016-06-08,22.562634319478764,22.685678589346253,22.48516296720797,22.54440689086914,83392400,21.988315200805665,22.916455574035645,-0.0009090051524379694
2016-06-09,22.44414767452766,22.783657644976127,22.435033091226014,22.706186294555664,106405600,22.06966104507446,22.874315299987792,0.007176032816904376
2016-06-10,22.450987717810186,22.637832367208222,22.43959579020102,22.519346237182617,126851600,22.166387844085694,22.8310200881958,-0.0082285970417606
2016-06-13,22.48744402948881,22.585423637920215,22.12514669098972,22.179832458496094,152082000,22.244087982177735,22.776405105590822,-0.015076537973644166
2016-06-14,22.175272223368346,22.439589907996815,22.04539246135026,22.207172393798828,127727600,22.284875011444093,22.71721839904785,0.0012326484139992822
2016-06-15,22.289206547254377,22.423644497893772,22.109197411764256,22.134262084960938,117780800,22.326459217071534,22.662507133483885,-0.003283187411029842
2016-06-16,21.977035417316305,22.273253292019113,21.890449483038555,22.22768211364746,125307200,22.36052417755127,22.604455375671385,0.004220607324876502
2016-06-17,22.01577297896761,22.022608481926333,21.714998679780535,21.721834182739258,244032800,22.37339839935303,22.547248191833496,-0.02275756546822394
2016-06-20,21.874507448768135,22.004387267208006,21.65348350160579,21.66943359375,137647600,22.37203197479248,22.488449478149413,-0.0024123464228862357
2016-06-21,21.63297048872019,21.954251316406683,21.573726562077685,21.853994369506836,142185600,22.366107559204103,22.431711387634277,0.00851710197953981
2016-06-22,21.931465901677825,22.077295769638027,21.726392106599683,21.77196502685547,116876400,22.33933448791504,22.366900596618652,-0.0037535171495158837
2016-06-23,21.860830769795754,21.940581209838957,21.703607231975436,21.897287368774414,128960800,22.299231243133544,22.297348937988282,0.005756133714359901
2016-06-24,21.170417633612853,21.569171582580047,21.11117370300611,21.282068252563477,301245600,22.21936664581299,22.215221099853515,-0.028095677142559783
2016-06-27,21.190916519553806,21.202310180795983,20.84912754343197,20.972171783447266,181958400,22.12469072341919,22.137086868286133,-0.01456138874467161
2016-06-28,21.16814133505464,21.34131498812706,20.994967681982217,21.325363159179688,161779600,22.05325698852539,22.076751708984375,0.016840953782916612
2016-06-29,21.411950036566033,21.544108917765705,21.334476929561966,21.509929656982422,146124000,22.007001876831055,22.02268970489502,0.00865478802987174
2016-06-30,21.51903785996703,21.822089478340487,21.487137689611927,21.783353805541992,143345600,21.982848644256592,21.97309986114502,0.012711531507533902
2016-07-01,21.758291706600488,21.981594663880156,21.72183510978838,21.849435806274414,104106000,21.9597207069397,21.930085906982423,0.0030336008551452576
2016-07-05,21.735509424214086,21.737788505120793,21.523600099054118,21.644365310668945,110820800,21.918250465393065,21.88428394317627,-0.00938561972142915
2016-07-06,21.555497169027284,21.79702929584953,21.503090484737402,21.767406463623047,123796400,21.8783748626709,21.843660736083983,0.00568467364083225
2016-07-07,21.806140899475583,21.988429089892936,21.787913471177067,21.860828399658203,100558400,21.844195938110353,21.808212547302247,0.004291826690114853
2016-07-08,21.986151808280546,22.07729591094634,21.88589485993442,22.02944564819336,115648400,21.810358905792235,21.805715065002442,0.0077132140398574744
2016-07-11,22.04539469429832,22.250468481000865,22.04083827167341,22.097803115844727,95179600,21.78928174972534,21.818128280639648,0.003103004439740653
2016-07-12,22.14109233791423,22.261857513714595,22.129700413617865,22.198057174682617,96670000,21.790192985534667,21.83748378753662,0.0045368337437130535
2016-07-13,22.195779084646954,22.25502126122021,22.065897592301713,22.072734832763672,103568800,21.78347110748291,21.85478588104248,-0.005645644613524015
2016-07-14,22.19122562037632,22.555800292868337,22.175275532780702,22.510229110717773,155676000,21.802269458770752,21.873862190246584,0.019820574173015748
2016-07-15,22.539846183904167,22.626433848342835,22.444145675404556,22.507946014404297,120548000,21.816282653808592,21.89737724304199,-0.00010142483678188263
2016-07-18,22.48972159788227,22.81556060236729,22.46693600606127,22.747203826904297,145975600,21.867551136016846,21.927409095764162,0.010629926531140699
2016-07-19,22.685679548019195,22.78593823253969,22.63555020575895,22.756317138671875,95119600,21.92189531326294,21.959993057250976,0.0004006343740938778
2016-07-20,22.785941443709515,22.890756565739053,22.726697509195645,22.776826858520508,105104000,21.968036937713624,21.99266815185547,0.0009012758841271395
2016-07-21,22.747197623949873,23.013792626258883,22.587695047839347,22.65605354309082,130808000,22.01224136352539,22.020056800842283,-0.005302464481987679
2016-07-22,22.617327109046617,22.626441694697156,22.400859611312615,22.48061180114746,113254800,22.041407585144043,22.04808364868164,-0.007743702653671636
2016-07-25,22.387185340369452,22.52162154766204,22.084131930752637,22.179832458496094,161531600,22.086295795440673,22.0799840927124,-0.013379499869127898
2016-07-26,22.061341801452127,22.323380396934194,21.970197715402424,22.027162551879883,224959200,22.139045333862306,22.108010749816895,-0.0068832759175206926
2016-07-27,23.758892699023296,23.777121863509226,23.41254726593469,23.458118438720703,369379200,22.245683097839354,22.149344482421874,0.06496324179160773
2016-07-28,23.430778736506912,23.79990979231886,23.42849965611466,23.774845123291016,159479200,22.358928871154784,22.19878982543945,0.013501794076012263
2016-07-29,23.740673297622127,23.822702827107044,23.62446450778026,23.745229721069336,110934800,22.457022666931152,22.242766761779784,-0.0012456612048616922
2016-08-01,23.7907985962529,24.1872734289597,23.7907985962529,24.164487838745117,152671600,22.572775268554686,22.296769523620604,0.01765651975578786
2016-08-02,24.164484637278324,24.169041059345936,23.697372276834557,23.806745529174805,135266400,22.68089427947998,22.338969192504884,-0.014804464797996353
2016-08-03,23.88194072866465,24.116635608645094,23.872826144980184,24.105243682861328,120810400,22.797786140441893,22.38162441253662,0.012538385531139395
2016-08-04,24.187720617085038,24.28393958084668,24.118991787057148,24.25415802001953,109634800,22.91745262145996,22.42055904388428,0.006177673999789635
2016-08-05,24.34579230534849,24.661942802371318,24.325174706593064,24.622997283935547,162213600,23.04713020324707,22.4590319442749,0.015207259044472954
2016-08-08,24.63215796233773,24.826889038085938,24.549685824604097,24.826889038085938,112148800,23.18358449935913,22.49798252105713,0.008280541633467697
2016-08-09,24.79482315020914,24.957479541138486,24.744422233725988,24.927696228027344,105260800,23.320066452026367,22.539222640991213,0.0040604036126621335
2016-08-10,24.90478090734447,24.94830927837689,24.687142547875503,24.742124557495117,96034000,23.453535938262938,22.578984375,-0.007444397141023407
2016-08-11,24.861253956375855,24.95518323652753,24.707761557336784,24.726089477539062,109938000,23.564328956604005,22.624805526733397,-0.00064808823990814
2016-08-12,24.691721686956768,24.84292438617509,24.691721686956768,24.78335952758789,74641600,23.678099632263184,22.67514434814453,0.0023161790343293465
2016-08-15,24.774195970937317,25.09492754442996,24.760450906365758,25.0811824798584,103472800,23.794798564910888,22.73052810668945,0.012017053294932856
2016-08-16,25.115542928529912,25.253000553520927,25.019323989313243,25.058269500732422,135177600,23.909896183013917,22.78221809387207,-0.0009135525864610861
2016-08-17,24.994127917372026,25.055984209017407,24.820016176986197,25.02161979675293,101424000,24.02213582992554,22.8313521194458,-0.0014625792087685774
2016-08-18,25.02390259316155,25.10866613328697,24.975791383876405,24.989538192749023,87938800,24.138810062408446,22.8802547454834,-0.0012821553626224391
2016-08-19,24.91852374976063,25.129291305551583,24.824596231200175,25.05368995666504,101472400,24.267463970184327,22.927204818725585,0.0025671448356188176
2016-08-22,24.9391435611924,24.99412556693711,24.70775840474066,24.85896110534668,103280800,24.401420402526856,22.973997116088867,-0.007772461926972785
2016-08-23,24.877292352221115,25.044531578125785,24.86354728494151,24.936857223510742,85030800,24.5469051361084,23.02913761138916,0.003133522669509725
2016-08-24,24.872711399136193,24.913948349076126,24.66881807661288,24.749000549316406,94700400,24.611449241638184,23.07997417449951,-0.007533293891470172
2016-08-25,24.60238258420725,24.714638054720496,24.43972619897668,24.643619537353516,100344800,24.65488796234131,23.130161323547362,-0.004257990610687545
2016-08-26,24.606962911552,24.73067201043777,24.354958363848603,24.49928855895996,111065200,24.69259090423584,23.17559345245361,-0.0058567280741688155
2016-08-29,24.425981789220007,24.613838636875027,24.35038041510534,24.471799850463867,99881200,24.707956504821777,23.230592765808105,-0.0011220206835778068
2016-08-30,24.238125114698395,24.39849007804439,24.169396274494677,24.28394317626953,99455600,24.731816387176515,23.282882957458497,-0.007676455158273754
2016-08-31,24.206046556801446,24.414520961220756,24.201463702989773,24.306846618652344,118649600,24.741896533966063,23.331940002441407,0.000943151703846512
2016-09-01,24.316011370743013,24.46721409021607,24.196883385456967,24.4511775970459,106806000,24.75174751281738,23.385524253845215,0.005937873417228845
2016-09-02,24.673398774615084,24.742127605992668,24.471796882605915,24.680273056030273,107210000,24.75461130142212,23.441183967590334,0.009369506154666807
2016-09-06,24.719214953675976,24.81085279946069,24.629868534693674,24.67339515686035,107521600,24.74693660736084,23.50901050567627,-0.000278680027336331
2016-09-07,24.703175111318515,24.916232331036756,24.52906340272657,24.824594497680664,169457200,24.741781520843507,23.586058959960937,0.006128031422472091
2016-09-08,24.57030800084334,24.574889107408605,24.109829011850003,24.173974990844727,212008000,24.713374042510985,23.643031196594237,-0.02620866604273131
2016-09-09,23.97237600346252,24.219797736351335,23.62644386291504,23.62644386291504,186228000,24.658391761779786,23.685361480712892,-0.022649610919886043
2016-09-12,23.516475460117416,24.219793252740153,23.488983578936768,24.15564727783203,181171200,24.627006149291994,23.73280735015869,0.02239877562563075
2016-09-13,24.629868962554077,24.923108675881988,24.568012672740075,24.730669021606445,248704800,24.609480476379396,23.79043201446533,0.02380485760371731
2016-09-14,24.909362924653756,25.894464950249958,24.879579620064657,25.605806350708008,443554800,24.636857318878175,23.869660835266114,0.035386722790919256
2016-09-15,26.084612160986165,26.513018064052147,25.999846851910497,26.476362228393555,359934400,24.709594440460204,23.963839950561525,0.03399837778049419
2016-09-16,26.373269591145036,26.604652989154474,26.125847954854454,26.327449798583984,319547600,24.776490020751954,24.05317237854004,-0.005624353849105201
2016-09-19,26.389306889975177,26.616109189599428,25.944864501673187,26.020465850830078,188092000,24.824828815460204,24.132992782592773,-0.01166022345887896
2016-09-20,25.899050950528483,26.144181210282788,25.775340107122563,26.018178939819336,138057200,24.88278970718384,24.211400299072267,-8.788893418942845e-05
2016-09-21,26.08232456859692,26.114397555589942,25.759303271639574,26.01359748840332,144012800,24.936626720428468,24.28771110534668,-0.00017608655189171873
2016-09-22,26.196867926161627,26.33203413703288,26.11668546946502,26.258724212646484,124296000,25.01211290359497,24.371430892944336,0.009423022876879683
2016-09-23,26.21290757493233,26.29767289527699,25.555409602975875,25.821157455444336,209924800,25.07098979949951,24.437649459838866,-0.016663671610954056
2016-09-26,25.57602594110401,25.9769400009538,25.55540834270667,25.8601016998291,119477600,25.13903045654297,24.504692573547363,0.0015082300029332085
2016-09-27,25.887591250502936,25.928828191435294,25.73638855113548,25.9082088470459,98429600,25.21085090637207,24.567912673950197,0.0018602845331081586
2016-09-28,26.04567102492967,26.263309405238047,25.986106155894436,26.105234146118164,118564400,25.301915454864503,24.63489101409912,0.007604744127061913
2016-09-29,25.92425019815642,26.07087006177409,25.61268255100721,25.699737548828125,143548000,25.37156000137329,24.693349227905273,-0.015533153045874326
2016-09-30,25.76388543167753,25.972361603506254,25.612684450789608,25.899051666259766,145516400,25.443953704833984,24.758209190368653,0.007755492329559965
2016-10-03,25.821154406127008,25.899047184134982,25.722644031139744,25.777626037597656,86807200,25.498821353912355,24.824149475097656,-0.004688419878334682
2016-10-04,25.901335472240014,26.187702622774587,25.80282510254227,25.887590408325195,118947200,25.559531116485594,24.898304634094238,0.0042658843202687535
2016-10-05,25.979234137022054,26.038799007236946,25.816577768376618,25.899051666259766,85812400,25.61325397491455,24.975742416381834,0.00044273173956299594
2016-10-06,26.04795570298124,26.19457554641964,25.91737235029872,26.09148406982422,115117200,25.709129428863527,25.028409729003908,0.007430094585862523
2016-10-07,26.187709388507326,26.244982833411136,26.004435413523233,26.130435943603516,97433600,25.834329032897948,25.075521545410155,0.001492896060456328
2016-10-10,26.350360492466095,26.746693420990177,26.281633421034392,26.586328506469727,144944000,25.955863094329835,25.132343521118162,0.017446802795412664
2016-10-11,26.964324484213066,27.191128477849258,26.62068397635387,26.64359474182129,256164000,26.051509380340576,25.181925659179687,0.002153973059410008
2016-10-12,26.88414643747635,27.028476592960683,26.746690561462074,26.881855010986328,150347200,26.11531181335449,25.24342784881592,0.008942497116992021
2016-10-13,26.75585670316942,26.90476797594042,26.510726484120458,26.79938507080078,140769600,26.131462955474852,25.297310676574707,-0.0030678664159092817
2016-10-14,27.005574761589457,27.07201216901802,26.833754422743933,26.948301315307617,142608800,26.162505531311034,25.35119354248047,0.005556703786800288
2016-10-17,26.879565077675206,26.99640160986492,26.753562839612247,26.92996597290039,94499600,26.20798053741455,25.397332916259767,-0.0006803895426540363
2016-10-18,27.074296502316265,27.08116903441386,26.90705731394032,26.911640167236328,98214000,26.2526535987854,25.439027938842774,-0.0006804986564967752
2016-10-19,26.861248239790196,26.97808656801288,26.07087532334455,26.831466674804688,80138400,26.293547058105467,25.47710334777832,-0.002979138095389966
2016-10-20,26.77189473471508,26.89102271107884,26.650475331542438,26.817712783813477,96503200,26.32149648666382,25.518615112304687,-0.0005126030253175262
2016-10-21,26.76043934039463,26.783350112783413,26.639019937258844,26.712329864501953,92770800,26.3660551071167,25.558339920043945,-0.0039296013109338945
2016-10-24,26.826874797028253,26.973494640922336,26.803965774141002,26.952877044677734,94154800,26.42069387435913,25.601730270385744,0.009005099195613209
2016-10-25,27.02160511953125,27.11553438906691,26.874985270177547,27.090333938598633,192516000,26.479800128936766,25.641913299560546,0.005099896893865807
2016-10-26,26.187705868323828,26.50614603935615,25.95861211950365,26.480945587158203,264536800,26.49858570098877,25.67036682128906,-0.022494678464342055
2016-10-27,26.435122695053426,26.542797016934276,26.139591603459056,26.226648330688477,138248000,26.524931240081788,25.694467391967773,-0.009603027793427699
2016-10-28,26.08690996485436,26.39389479823127,25.990689246651762,26.05254554748535,151446800,26.532605934143067,25.7157275390625,-0.006638392409425875
2016-10-31,26.036509126329623,26.169383941681954,25.93341587392997,26.011308670043945,105677600,26.54429006576538,25.73487991333008,-0.0015828348660305025
2016-11-01,25.99297525144537,26.063993750771612,25.32173053054193,25.54166030883789,175303200,26.526993560791016,25.748533897399902,-0.018055545269313078
2016-11-02,25.521044755532166,25.738683124487448,25.482099236514344,25.564571380615234,113326800,26.510269546508788,25.761088180541993,0.0008970079274532861
2016-11-03,25.55536489302133,25.665893507125805,25.226078728933143,25.29055404663086,107730400,26.470223045349123,25.77191925048828,-0.010718635955389133
2016-11-04,24.991193183649415,25.387257712039556,24.894480242573685,25.062576293945312,123348000,26.41683006286621,25.780298385620117,-0.009014343943007375
2016-11-07,25.348120894340145,25.447137060209464,25.205352868233966,25.424110412597656,130240000,26.358719158172608,25.79879482269287,0.014425257579751882
2016-11-08,25.40108138641951,25.72576290730673,25.26061655555887,25.57378387451172,97016800,26.305228614807127,25.820834503173828,0.005887067806309432
2016-11-09,25.302061516285825,25.633650807028452,24.88066884225742,25.532331466674805,236705600,26.237752437591553,25.845802268981934,-0.001620894586437327
2016-11-10,25.580686712107354,25.580686712107354,24.36946809636885,24.820796966552734,228538000,26.13882303237915,25.856081275939943,-0.027867979900338402
2016-11-11,24.666520869348684,25.069493334010403,24.53526705113169,24.96817398071289,136575600,26.039816665649415,25.86642120361328,0.005937642306923285
2016-11-14,24.802382673355375,24.825409323090632,23.96650316590229,24.341842651367188,204702000,25.910410499572755,25.859652595520018,-0.025085187640454754
2016-11-15,24.539867203300282,24.795466974827097,24.44545744234022,24.664213180541992,129058000,25.798039150238036,25.859468955993652,0.013243472722747951
2016-11-16,24.56979679264701,25.382650987763444,24.546770154793197,25.32738494873047,235362000,25.722835063934326,25.86952476501465,0.026888016387713654
2016-11-17,25.285948146808604,25.410294157671302,25.060284530547943,25.318185806274414,110528000,25.647858715057374,25.892408981323243,-0.0003632093275589554
2016-11-18,25.265220637225806,25.454041936730885,25.25140500161971,25.3435115814209,113715600,25.57941780090332,25.92675033569336,0.0010002997584530604
2016-11-21,25.35732692477656,25.787930596694206,25.331997090331967,25.72806167602539,117058400,25.518177032470703,25.958198623657225,0.01517351269057765
2016-11-22,25.778723585598748,25.886950757404758,25.65207615055681,25.744184494018555,103862000,25.4508695602417,25.978468933105468,0.000626662754318108
2016-11-23,25.642864762386477,25.67740561027784,25.405686967323877,25.612930297851562,109705600,25.407468795776367,25.97861141204834,-0.005098401784585094
2016-11-25,25.589903287950463,25.76030434500653,25.548454619588256,25.74188232421875,45903600,25.38323049545288,25.963921813964845,0.005034645582040476
2016-11-28,25.658983580981428,25.89846456763348,25.649772571092445,25.691221237182617,108776000,25.365164279937744,25.951197242736818,-0.0019680412798900315
2016-11-29,25.50930799135326,25.797145465089997,25.345816517089258,25.665891647338867,114115200,25.34789342880249,25.944105758666993,-0.000985923931365762
2016-11-30,25.698130101759943,25.83629174207929,25.391870598557997,25.449438095092773,144649200,25.343282318115236,25.932730941772462,-0.008433509936855654
2016-12-01,25.414894151392858,25.54614794816539,25.106331515318686,25.212255477905273,148347600,25.325666522979738,25.9167041015625,-0.009319758507093878
2016-12-02,25.13856949489034,25.350417422829416,25.064883182701955,25.30666732788086,106112000,25.326472187042235,25.897662963867187,0.003744680838186909
2016-12-05,25.32969790926202,25.33660572760053,24.926725442523757,25.124757766723633,137298000,25.329581260681152,25.883734970092775,-0.007188206917977391
2016-12-06,25.214565008965838,25.41259734958191,25.143181871123073,25.318185806274414,104782000,25.32428503036499,25.87289665222168,0.007698702663990087
2016-12-07,25.15929273757793,25.603713767343134,25.13626609622214,25.566869735717773,119994800,25.323939323425293,25.866069869995115,0.009822343960432134
2016-12-08,25.527728537713447,25.889252313584898,25.467857854722514,25.817869186401367,108273200,25.33821620941162,25.860322570800783,0.009817371202581748
2016-12-09,25.86161902775977,26.411964099750527,25.86161902775977,26.239261627197266,137610400,25.40913944244385,25.871113052368162,0.016321735839371687
2016-12-12,26.087286880865953,26.481048345444968,25.90307018964767,26.089590072631836,105497600,25.465210247039796,25.874923820495606,-0.00570410694827983
2016-12-13,26.213931585950814,26.692893527728142,26.193208132680063,26.524797439575195,174935200,25.574357986450195,25.889867248535158,0.016681265046011307
2016-12-14,26.49025659397022,26.757368835886556,26.476440958456386,26.524797439575195,136127200,25.667387199401855,25.902611389160157,0.0
2016-12-15,26.56854531771756,26.879411145367662,26.534006231818875,26.669864654541016,186098000,25.734511184692384,25.918027648925783,0.0054691167876508295
2016-12-16,26.819543630386885,26.826451448381032,26.630722325658223,26.704408645629883,177404400,25.803822326660157,25.930286140441893,0.0012952443342446607
2016-12-19,26.665258641543506,27.029083796371665,26.653744442296098,26.858684539794922,111117600,25.879580974578857,25.944851112365722,0.005777169463375698
2016-12-20,26.881716300652275,27.056721972983006,26.86790066438054,26.930072784423828,85700000,25.93968152999878,25.951725997924804,0.0026579203655017203
2016-12-21,26.895529640202245,27.033691252558103,26.89092325759226,26.955398559570312,95132800,26.000242233276367,25.957962074279784,0.0009404272817685744
2016-12-22,26.79190897316127,26.82875300931792,26.628417515561896,26.778093338012695,104343600,26.058500385284425,25.955886840820312,-0.00657772583721139
2016-12-23,26.61690544877681,26.831056594848633,26.61690544877681,26.831056594848633,56998000,26.112959098815917,25.95652027130127,0.0019778576527984537
2016-12-27,26.831052380767325,27.12579937689471,26.824144563724218,27.001453399658203,73187600,26.1784707069397,25.95758331298828,0.006350730326523335
2016-12-28,27.061327852446198,27.176462844896196,26.75737154265103,26.886323928833008,83623600,26.239492321014403,25.956710472106934,-0.004263824954943041
2016-12-29,26.814934636472096,26.966913644828455,26.803422193209514,26.879411697387695,60158000,26.31099100112915,25.956065902709963,-0.0002570909828956136
2016-12-30,26.860989128341537,26.987636542550618,26.58005951756395,26.669864654541016,122345200,26.383871459960936,25.952833862304686,-0.00779581953674402
2017-01-03,26.66526880582309,26.78731163435732,26.425787776116692,26.74586296081543,115127600,26.455831241607665,25.95139686584473,0.0028495947489359796
2017-01-04,26.676772119232176,26.82875112245921,26.653745476663897,26.715917587280273,84472400,26.5353892326355,25.951468620300293,-0.0011196263728349143
2017-01-05,26.692895000634792,26.909349338670825,26.66756516291481,26.851781845092773,88774400,26.612069034576415,25.949446716308593,0.00508551717786343
2017-01-06,26.890924508131448,27.208698163829947,26.819541385739022,27.15113067626953,127007600,26.691282081604005,25.95066265106201,0.01114819243295262
2017-01-09,27.160346936291752,27.501147323584956,27.158045501106127,27.39982795715332,134247600,26.7703800201416,25.969040298461913,0.009159739380620202
2017-01-10,27.349165101699334,27.489629931843083,27.240939685443166,27.427457809448242,97848400,26.82978982925415,25.99305648803711,0.0010083951015360526
2017-01-11,27.342248373269737,27.616270125864485,27.310010726707997,27.57482147216797,110354400,26.90405139923096,26.023502006530762,0.005372851678180801
2017-01-12,27.379099770596024,27.471208109913796,27.22021292919338,27.459693908691406,108344800,26.95079622268677,26.05246971130371,-0.004175097329016775
2017-01-13,27.427459543053317,27.54489773368931,27.35837784107434,27.411340713500977,104447600,26.995123386383057,26.089863319396972,-0.0017608788849290402
2017-01-17,27.25014581943833,27.687659088321013,27.2225145490127,27.632394790649414,137759200,27.043249893188477,26.131219787597658,0.008064329266447068
2017-01-18,27.632397719917982,27.74753271041764,27.56561921460972,27.630094528198242,94852000,27.089534187316893,26.178010597229004,-8.324513559532232e-05
2017-01-19,27.494237460948423,27.653122561164782,27.487329642263447,27.58173942565918,102389200,27.125686931610108,26.22839385986328,-0.0017500882050806021
2017-01-20,27.736015568386208,27.736015568386208,27.570222675371404,27.632394790649414,130391600,27.160803031921386,26.272559547424315,0.0018365544032046266
2017-01-23,27.632399664377807,27.818917799929746,27.579436792019994,27.650821685791016,88200800,27.19557418823242,26.3141003036499,0.0006668584203870509
2017-01-24,27.528777217211033,27.655424653984163,27.517263015313226,27.625490188598633,92844000,27.237944030761717,26.35596347808838,-0.0009161209558340433
2017-01-25,27.729109851222866,28.11596347786842,27.69687219540411,28.065303802490234,129510400,27.2996563911438,26.42085361480713,0.015920572300762936
2017-01-26,28.016944857292128,28.194253705538035,28.00082603079889,28.079118728637695,105350400,27.353539657592773,26.483072509765623,0.0004922421736348603
2017-01-27,28.125172752987556,28.173529233733234,28.00082676386137,28.0814208984375,82251600,27.413294506072997,26.55786407470703,8.198867713948843e-05
2017-01-30,27.846546031181685,28.007734298706055,27.784373915656673,28.007734298706055,121510000,27.469710636138917,26.624734497070314,-0.0026240338762753
2017-01-31,27.8972030937086,27.952467386430914,27.775160308737572,27.943256378173828,196804000,27.533380222320556,26.67705192565918,-0.0023021469657117377
2017-02-01,29.251201654908257,30.047937505394312,29.246597027305505,29.647266387939453,447940000,27.67845039367676,26.76363353729248,0.06098108204370223
2017-02-02,29.469944550066973,29.794624217280543,29.42388951288843,29.59659194946289,134841600,27.82248411178589,26.84869514465332,-0.0017092448866441456
2017-02-03,29.545942463003502,29.748581182740573,29.5114033692489,29.723251342773438,98029200,27.966057586669923,26.92859893798828,0.004279526288933022
2017-02-06,29.73475873926701,30.050227435489187,29.68179412277796,30.001869201660156,107383600,28.108594512939455,27.013752632141113,0.009373734241710396
2017-02-07,30.05944407984251,30.4163632805029,30.0387206232365,30.287412643432617,152735200,28.252973747253417,27.107242279052734,0.00951752172016862
2017-02-08,30.24596096148724,30.446294704375685,30.216024742015342,30.404844284057617,92016400,28.401843070983887,27.20050151824951,0.003877242404542791
2017-02-09,30.446470378731956,30.6314857250858,30.323898461658306,30.624547958374023,113399600,28.55432939529419,27.29916805267334,0.007225943085378939
2017-02-10,30.63380014736456,30.744807941745723,30.538979298745115,30.555166244506836,80262000,28.70910301208496,27.3969535446167,-0.0022655587916430298
2017-02-13,30.77718979249929,30.948329627164423,30.700870820103,30.825754165649414,92141600,28.879823684692383,27.504479866027832,0.008855717523422957
2017-02-14,30.867373127198103,31.242026557100893,30.816493830683726,31.225839614868164,132904800,29.05949592590332,27.62475154876709,0.012978934661867392
2017-02-15,31.341472045309967,31.514923220729973,31.13332851748204,31.339157104492188,142492400,29.244949054718017,27.745401344299317,0.003628965338375423
2017-02-16,31.376168094633385,31.429358812593936,31.1842149928312,31.30216407775879,90338400,29.430970287323,27.86894947052002,-0.001180409115984049
2017-02-17,31.244348244991187,31.41317311322332,31.244348244991187,31.387733459472656,88792800,29.61873722076416,27.990340423583984,0.0027336570564675533
2017-02-21,31.505687287405,31.625947821135288,31.447870198152465,31.614383697509766,98028800,29.8169153213501,28.111290702819826,0.007220981353424527
2017-02-22,31.551935610752093,31.7115113182305,31.477931582412204,31.709199905395508,83347600,30.021100807189942,28.22911731719971,0.0029991477547990364
2017-02-23,31.77164127137798,31.794765984845448,31.521871075358764,31.575061798095703,83152800,30.196588706970214,28.335833320617677,-0.004230258338274284
2017-02-24,31.43167231248691,31.60512351989746,31.28597216902242,31.60512351989746,87106400,30.3728889465332,28.446143989562987,0.0009520716695341491
2017-02-27,31.716141835739183,31.785523047515852,31.517250910712743,31.667573928833008,81029600,30.55219659805298,28.548999519348143,0.00197595838839959
2017-02-28,31.702276553179658,31.785533328465846,31.6143934212453,31.68146324157715,93931600,30.735883045196534,28.652132835388183,0.00043859731014928016
2017-03-01,31.889590146585466,32.412255306318166,31.82252388303502,32.32899856567383,145658400,30.955170154571533,28.76531551361084,0.02043893361739957
2017-03-02,32.37755278068248,32.44230760393398,32.09077889994494,32.13703536987305,104844000,31.079658603668214,28.873968048095705,-0.005937802107010004
2017-03-03,32.095418529316575,32.338250981396506,32.051476982031915,32.32668685913086,84432400,31.21616334915161,28.98332809448242,0.005901337415697094
2017-03-06,32.23185994645789,32.32436937834266,32.05378590671845,32.22492218017578,87000000,31.34124689102173,29.089225082397462,-0.0031480083127150005
2017-03-07,32.160174612332,32.37294106045336,32.097731172803236,32.26655960083008,69785200,31.454481410980225,29.195448303222655,0.0012920875470696647
2017-03-08,32.1347333327084,32.331312822219466,32.10467084983143,32.146297454833984,74828800,31.54742565155029,29.302812385559083,-0.003727144991094722
2017-03-09,32.086156127416366,32.0977167160437,31.6953122464613,32.0722770690918,88623600,31.630797290802,29.407636795043945,-0.002302609992525184
2017-03-10,32.20410099286311,32.229540639290676,32.063027231559914,32.17866134643555,78451200,31.708502960205077,29.51118095397949,0.0033170166594211903
2017-03-13,32.11161647164648,32.24574902871251,32.104678702449114,32.19255828857422,69686800,31.790372562408447,29.617305641174315,0.00043186824924301703
2017-03-14,32.215674541184775,32.296616327969346,32.109289571651075,32.14398193359375,61236400,31.856283950805665,29.72259704589844,-0.0015089311804619143
2017-03-15,32.24110775491531,32.55100636467244,32.15322469019747,32.48394012451172,102767200,31.919188976287842,29.838878555297853,0.010576106955892728
2017-03-16,32.54408147524815,32.61346268385059,32.43769648487442,32.53714370727539,76928000,31.979088306427002,29.95470417022705,0.0016378426557781545
2017-03-17,32.60883149115717,32.60883149115717,32.352123527625004,32.37525177001953,175540000,32.03274269104004,30.067890853881835,-0.00497560384256035
2017-03-20,32.470077782920484,32.72447440183468,32.43076258342925,32.71522521972656,86168000,32.099117279052734,30.18515972137451,0.010501028752519348
2017-03-21,32.865544862425665,33.02512058613141,32.31512506851309,32.3405647277832,158119600,32.1354263305664,30.288948402404785,-0.011452175231165707
2017-03-22,32.342877504775444,32.747597084061425,32.322060673038834,32.70596694946289,103440800,32.18526468276978,30.395071182250977,0.011298572698261511
2017-03-23,32.66896623895198,32.74297380569172,32.51864322121503,32.590335845947266,81385200,32.236028385162356,30.498328742980956,-0.0035354742360712565
2017-03-24,32.72447612467116,32.779981806867895,32.458518896338866,32.52558517456055,89582400,32.282051467895506,30.59734401702881,-0.001986805895244248
2017-03-27,32.23648278146844,32.65970412284992,32.05840523229322,32.58107376098633,94300400,32.327726459503175,30.699771614074706,0.001705998097435657
2017-03-28,32.58801300981845,33.31188030055289,32.52094323486099,33.256378173828125,133499200,32.40647220611572,30.81667236328125,0.020726892483525994
2017-03-29,33.22862849626748,33.41595878829196,33.11530928486144,33.330387115478516,116760000,32.45654163360596,30.930632209777833,0.002225405943592218
2017-03-30,33.34658527894468,33.41827790567941,33.187009546470556,33.28645324707031,84829200,32.51401252746582,31.043759384155273,-0.0013181325574164182
2017-03-31,33.23788600326598,33.36508429564354,33.07368392967407,33.2240104675293,78646800,32.55887870788574,31.156604804992675,-0.0018759216873461826
2017-04-03,33.23557605037279,33.33039339169721,33.082938092814025,33.23326110839844,79942800,32.60929565429687,31.268622131347655,0.0002784323969011737
2017-04-04,33.12919163465926,33.50847159319599,33.110689742916605,33.48072052001953,79565600,32.670003700256345,31.385220108032225,0.00744613689321505
2017-04-05,33.35351537608284,33.640289345938676,33.25869452368603,33.3072624206543,110871600,32.72805194854736,31.49885555267334,-0.005180835318687849
2017-04-06,33.36970712163922,33.4229013804629,33.17544256357612,33.2240104675293,84596000,32.785638618469235,31.60202968597412,-0.0024995135317207318
2017-04-07,33.240192208213244,33.34426223880752,33.13381076498328,33.14999771118164,66688800,32.83420543670654,31.703447265625,-0.002227688810175099
2017-04-10,33.21013447539691,33.274889327194714,33.048243817027654,33.110687255859375,75733600,32.880111885070804,31.80403259277344,-0.0011858358382029754
2017-04-11,33.05748508173831,33.1523059136408,32.39143137512854,32.75452423095703,121517600,32.91063899993897,31.898968391418457,-0.01075673912021613
2017-04-12,32.74759698477941,32.87479174335535,32.61114598794621,32.79384994506836,81400000,32.926134490966795,31.995980262756348,0.0012006193048030855
2017-04-13,32.819275033245574,32.92797138255259,32.620384216308594,32.620384216308594,71291600,32.93029651641846,32.05544261932373,-0.005289581096770579
2017-04-17,32.71983213350341,32.81234155397029,32.57875835505578,32.800777435302734,66328400,32.951572799682616,32.119526329040525,0.00553007646378223
2017-04-18,32.70364295677926,32.84933954964385,32.63426177838629,32.65507507324219,58790000,32.948565292358396,32.178162803649904,-0.004442039898229111
2017-04-19,32.81236455721403,32.840115638372325,32.48164888161488,32.53483963012695,69313600,32.958279037475585,32.228822212219235,-0.003681983362327501
2017-04-20,32.659716347145064,33.05287183249187,32.64584081090193,32.941864013671875,93278400,32.97007389068604,32.28191123962402,0.012510416162249127
2017-04-21,32.94185730189468,32.99735943555886,32.805409851471275,32.90254211425781,69283600,32.98568420410156,32.33186519622803,-0.0011936756037164153
2017-04-24,33.187002003273776,33.29107203548828,33.112994451288344,33.21937942504883,68537200,33.02037391662598,32.38376182556152,0.009629569341200517
2017-04-25,33.28181242537651,33.51076571871937,33.272559719840984,33.42519760131836,75486000,33.06258010864258,32.44116245269775,0.006195726104212929
2017-04-26,33.411326341026495,33.441392344548845,33.15924478050825,33.22862243652344,80164800,33.06119232177734,32.48921981811523,-0.005881047200964606
2017-04-27,33.28413629291438,33.33964196027927,33.14306247612717,33.25407028198242,56985200,33.05737648010254,32.52978443145752,0.0007658411210875737
2017-04-28,33.32346505756175,33.37203297739843,33.133826792350426,33.22170639038086,83441600,33.054139137268066,32.56743541717529,-0.0009732309857749533
2017-05-01,33.55703116098302,34.042692465256124,33.52465374069815,33.89930725097656,134411600,33.08790397644043,32.61937828063965,0.020396329214200204
2017-05-02,34.12131764832714,34.248515897551556,33.95943057152953,34.1143798828125,181408800,33.13195991516113,32.67391120910644,0.0063444550723006365
2017-05-03,33.670357818144886,34.1097697951006,33.365085434890055,34.01032257080078,182788000,33.158440017700194,32.72182998657227,-0.0030502477948938234
2017-05-04,33.88542204756699,34.02880722092709,33.72122005156338,33.887733459472656,93487600,33.18746356964111,32.76540065765381,-0.0036044677633658706
2017-05-05,33.9409330425496,34.45434892975689,33.9409330425496,34.44972610473633,109310800,33.248749351501466,32.822893943786625,0.016583954956320035
2017-05-08,34.465905921358925,35.54592819111786,34.465905921358925,35.3863525390625,195009600,33.36056709289551,32.89851852416992,0.027188211351189873
2017-05-09,35.58525580803918,35.81883907325609,35.488123535633214,35.61301040649414,156521600,33.48568325042724,32.97742725372314,0.006405233972092361
2017-05-10,35.52974738440952,35.601439987394336,35.178218606779424,35.444175720214844,103222800,33.62016582489014,33.0526815032959,-0.0047408147851637494
2017-05-11,35.40238278953829,35.778586322509284,35.36987172307813,35.75071716308594,109020400,33.768009185791016,33.12111587524414,0.008648570227470787
2017-05-12,35.92487821805518,36.32430184835647,35.917911815248516,36.24999237060547,130108000,33.94948959350586,33.203375015258786,0.013965459916285283
2017-05-15,36.229089201289476,36.37771169851884,36.00615722716537,36.157100677490234,104038800,34.117305755615234,33.279983291625975,-0.0025625300045734045
2017-05-16,36.2128284846747,36.24069409022606,35.92951635010541,36.10368347167969,80194000,34.28973617553711,33.357558517456056,-0.0014773641915321045
2017-05-17,35.66944687286726,35.89470341996121,34.766099730608424,34.89149856567383,203070800,34.407569122314456,33.41005729675293,-0.033575103408955975
2017-05-18,35.128369632329715,35.60906933720598,35.09585855829673,35.42329025268555,134272800,34.531640434265135,33.47559715270996,0.015241296845154517
2017-05-19,35.61835371750733,35.757685347800766,35.44418652206005,35.54404067993164,107843200,34.66371536254883,33.54503242492676,0.0034087863206591074
2017-05-22,35.76232308936414,35.89701278335505,35.50920100363772,35.76000213623047,91865600,34.79074649810791,33.616659240722655,0.006075883669038218
2017-05-23,35.97133208567546,35.97133208567546,35.60209846050506,35.71588897705078,79675600,34.90528106689453,33.68712585449219,-0.0012335893888271166
2017-05-24,35.725177483565915,35.801811481648166,35.45347705951486,35.609066009521484,76712000,35.02430324554443,33.75642753601074,-0.002990908824863192
2017-05-25,35.69962470909451,35.843605313747204,35.537069391041626,35.73213577270508,76942400,35.148206520080564,33.82139144897461,0.0034561356692333067
2017-05-26,35.76232735024439,35.818062123052115,35.602092978932454,35.67176055908203,87710400,35.27070922851563,33.88408378601074,-0.001689661485870797
2017-05-30,35.627628492789476,35.86217229085212,35.606729287142585,35.68568420410156,80507600,35.36002807617187,33.950292434692386,0.0003903268243929947
2017-05-31,35.755364163055475,35.801808039519756,35.38613056151959,35.47437286376953,97804800,35.42802772521973,34.00547538757324,-0.005921459684602115
2017-06-01,35.569582275325985,35.6067387909086,35.34897122214482,35.571903228759766,65616400,35.506106758117674,34.07010215759277,0.0027493189341154523
2017-06-02,35.66479670000693,36.09905242919922,35.50456231726266,36.09905242919922,111082800,35.61667270660401,34.1379638671875,0.014819257689120624
2017-06-05,35.84127163083837,35.866816284516716,35.636917944850886,35.74605941772461,101326800,35.68148937225342,34.20107833862305,-0.009778456433639948
2017-06-06,35.73910180396234,36.18264837987697,35.71123619071204,35.866825103759766,106499600,35.70551300048828,34.26790313720703,0.0033784335393141074
2017-06-07,35.999198955536784,36.2221309800143,35.87379659125762,36.080474853515625,84278400,35.72888622283936,34.33789115905762,0.005956751096250823
2017-06-08,36.05260996266278,36.1199530533986,35.8552190543476,35.99223327636719,85003200,35.756289100646974,34.3926082611084,-0.002445687799473073
2017-06-09,36.03867492991036,36.03867492991036,33.90919121369438,34.5965690612793,259530800,35.69858169555664,34.41793190002441,-0.038776816219523
2017-06-12,33.844172355185975,33.92544825765064,33.09408971205364,33.769859313964844,289229200,35.57457504272461,34.4276000213623,-0.02389571479906405
2017-06-13,34.17390693085352,34.24124998143967,33.707136851000215,34.04153823852539,136661600,35.46879692077637,34.44395057678223,0.008045012033798926
2017-06-14,34.25287719776067,34.25287719776067,33.40294054703805,33.709476470947266,126124800,35.34908657073974,34.453474884033206,-0.0097546052487818
2017-06-15,33.28218193117425,33.55155775523504,33.02441441533913,33.5074348449707,128661600,35.27988338470459,34.454009170532224,-0.005993615064021962
2017-06-16,33.389008269576124,33.55620904100653,33.02209566246163,33.038352966308594,201444400,35.160636520385744,34.44863098144531,-0.013999337186878624
2017-06-19,33.36114196159167,34.076388903736074,33.36114196159167,33.983497619628906,130165600,35.08260936737061,34.463820724487306,0.02860749911728777
2017-06-20,34.10658310827601,34.10658310827601,33.65839452120365,33.67464828491211,99600400,34.97834167480469,34.474313735961914,-0.009088215055839455
2017-06-21,33.79308322790719,33.9208065536216,33.58175950203796,33.874359130859375,85063200,34.886265182495116,34.48958717346191,0.0059305993119087574
2017-06-22,33.851129835517035,34.06709541067822,33.70018283912189,33.81861877441406,76425200,34.796742820739745,34.510869064331054,-0.0016455029076707373
2017-06-23,33.702511421170456,34.17392363602884,33.6978659708955,33.969566345214844,141757600,34.708614349365234,34.534383392333986,0.004463445766595964
2017-06-26,34.17624985182483,34.434017458450086,33.76057234593985,33.86275100708008,102769600,34.618163871765134,34.559230728149416,-0.0031444422059809796
2017-06-27,33.67463295398937,33.941691347648806,33.35184334619806,33.37738800048828,99047600,34.502749061584474,34.570762939453125,-0.014333242047886663
2017-06-28,33.55389246691343,33.93009248001126,33.24503554447308,33.86507034301758,88329600,34.42228393554687,34.59496284484863,0.014611159582714084
2017-06-29,33.6049650059323,33.70249816269505,33.04066172477194,33.36577224731445,125997600,34.31197738647461,34.61158149719238,-0.014743748961563052
2017-06-30,33.54460208550732,33.66303804957136,33.38901314504274,33.44474792480469,92096400,34.17926216125488,34.62163917541504,0.0023669668696666424
2017-07-03,33.64447404535078,33.74200729368002,33.2311173314326,33.324005126953125,57111200,34.05815944671631,34.630068435668946,-0.0036102170099482356
2017-07-05,33.36811839596024,33.62356153130485,33.14286183651487,33.46100616455078,86278400,33.93786849975586,34.634900970458986,0.004111181626450078
2017-07-06,33.212526386507434,33.32399240727423,33.07087024917093,33.145179748535156,96515200,33.791103744506835,34.62930061340332,-0.009438640740881743
2017-07-07,33.1846466425205,33.614260368579465,33.1846466425205,33.48189163208008,76806800,33.66558666229248,34.634365997314454,0.010158698371813824
2017-07-10,33.4656529214965,33.8929423431874,33.29380664511497,33.68626403808594,84362400,33.62007141113281,34.64300987243652,0.006103968325673836
2017-07-11,33.60963106268037,33.86972321105445,33.52835514535968,33.79541015625,79127200,33.62134895324707,34.6544839477539,0.0032400778560859322
2017-07-12,33.874352368642334,33.94634089873578,33.63052116502008,33.84416580200195,99538000,33.6114803314209,34.65338111877441,0.0014426706326846617
2017-07-13,33.788435248762035,34.48278306318964,33.774502440352215,34.315582275390625,100797600,33.641785621643066,34.65740516662598,0.013929032145350906
2017-07-14,34.36202745628382,34.67785078484999,34.21340492186684,34.610504150390625,80528400,33.696939086914064,34.66940879821777,0.008594401010980413
2017-07-17,34.5594157040656,35.042436246143644,34.50135997566348,34.731258392333984,95174000,33.78158435821533,34.686279296875,0.0034889477893373932
2017-07-18,34.64766293668812,34.86363211969431,34.524585058420435,34.852020263671875,71475200,33.82501049041748,34.69432518005371,0.0034770370245078563
2017-07-19,34.94490251484222,35.163192617256435,34.82182465598151,35.07030487060547,83692000,33.894793319702146,34.68800422668457,0.006263183748952628
2017-07-20,35.181778778610735,35.23751356518598,34.877567265033406,34.91239929199219,68974800,33.94669532775879,34.673992004394535,-0.004502543653266966
2017-07-21,34.83111129945517,34.93561088752508,34.573343759048086,34.89613342285156,105010400,34.00057106018066,34.66303115844727,-0.0004659052219408988
2017-07-24,34.96812747527722,35.400062245206634,34.81021404818792,35.318782806396484,85972800,34.06803188323975,34.65439247131348,0.012111639373437066
2017-07-25,35.251428889934004,35.72516193878997,35.251428889934004,35.46971893310547,75415600,34.148380279541016,34.638787002563475,0.004273537045043518
2017-07-26,35.611383897063476,35.74607006372819,35.544037270290794,35.63692855834961,63124000,34.26135730743408,34.628383560180666,0.004714151402199995
2017-07-27,35.704273577089516,35.760008352946,34.206436467421675,34.96348190307617,129905200,34.31627788543701,34.60557952880859,-0.01889743820573031
2017-07-28,34.80789774113855,34.886852693502604,34.64534238525931,34.71733093261719,68854800,34.38385581970215,34.60209617614746,-0.007040230465070629
2017-07-31,34.81021356914964,34.91007126526908,34.39918156054586,34.53851318359375,79383600,34.4385440826416,34.58440063476562,-0.005150676743281513
2017-08-01,34.62443594985058,34.88452446501993,34.4642015812408,34.84504699707031,141474400,34.514596176147464,34.5704207611084,0.008875130549110377
2017-08-02,36.988461510367614,37.09760655177292,36.26392722992396,36.49150466918945,279747200,34.666121101379396,34.58505081176758,0.04725083803897778
2017-08-03,36.47060384669994,36.50776035775641,35.999191685920664,36.126914978027344,108389200,34.815207862854,34.59327133178711,-0.009991084074698064
2017-08-04,36.243031362019245,36.55188471492229,36.154785522081,36.31734085083008,82239600,34.956980323791505,34.60743682861328,0.005271025021609255
2017-08-07,36.472928161695805,36.90486289808057,36.38236137229772,36.87931823730469,87481200,35.11663303375244,34.63038047790528,0.015474078589147622
2017-08-08,36.83054745286933,37.58062630745681,36.75391348294212,37.17423629760742,144823600,35.28557434082031,34.66042999267578,0.007996841438473679
2017-08-09,36.98382296387563,37.45059332612342,36.94899094136792,37.401824951171875,104526000,35.46345729827881,34.694752807617185,0.006122214636568035
2017-08-10,37.278241280799534,37.3015561763512,36.04962383553556,36.210487365722656,163217200,35.55820255279541,34.70947509765625,-0.031852391882067566
2017-08-11,36.50891694333438,36.968192857393895,36.385355764156465,36.714073181152344,105028400,35.663381004333495,34.7323184967041,0.013907181373824518
2017-08-14,37.14304419731428,37.35053406139659,37.0101556317673,37.266605377197266,88490800,35.79014835357666,34.75566955566406,0.015049602187113598
2017-08-15,37.45544374859917,37.81446983217427,37.33421263735661,37.674591064453125,117862000,35.931276893615724,34.794240188598636,0.010947755587781494
2017-08-16,37.75385699046317,37.88674200095783,37.33654362997252,37.52305221557617,110686400,36.05391426086426,34.82736473083496,-0.004022309057521101
2017-08-17,37.42279359706408,37.46708977173659,36.79799057498289,36.80265426635742,111762400,36.14842700958252,34.8418083190918,-0.019198809976329834
2017-08-18,36.80267106688966,37.18501211499411,36.536897454882364,36.71874237060547,109712400,36.23955745697022,34.85633850097656,-0.0022800501057517186
2017-08-21,36.71875350325612,36.80967598868419,36.161561132072414,36.651145935058594,105474000,36.30617561340332,34.89743003845215,-0.0018409245846335853
2017-08-22,36.88891503972682,37.30156459410838,36.83995872831552,37.250274658203125,86418400,36.3952033996582,34.96703834533692,0.016346793745715793
2017-08-23,37.084763132284614,37.41115050669359,37.04046694061006,37.296913146972656,77596400,36.47820262908935,35.03214584350586,0.0012520307352756888
2017-08-24,37.40182334806708,37.47409814181354,36.96353223652894,37.13138961791992,79275600,36.586598014831544,35.10058410644531,-0.004437995401937678
2017-08-25,37.21998008462911,37.43213366731331,37.131391254192394,37.26893997192383,101920400,36.714178466796874,35.17581420898438,0.0037044224689486427
2017-08-28,37.334209744062925,37.767840649368395,37.28524986687383,37.64427947998047,103864000,36.86946678161621,35.267932739257816,0.010071107692877668
2017-08-29,37.324887429271875,38.028952049357265,37.301572523502614,37.97999572753906,118067600,37.02621421813965,35.34786270141601,0.008918121217783792
2017-08-30,38.18747906566275,38.2084603428615,37.91004809818634,38.08256912231445,109078400,37.1057674407959,35.436021118164064,0.002700721598581257
2017-08-31,38.15018310552788,38.355342892488736,38.1128806792886,38.23411178588867,107140400,37.211127281188965,35.52321617126465,0.003979318283057198
2017-09-01,38.42062062290216,38.45325935674631,38.14785329919999,38.24576950073242,66364400,37.307548713684085,35.611759185791016,0.0003049035089146557
2017-09-05,38.175822255773944,38.29238965197478,37.432121698835864,37.7864875793457,117874000,37.35290718078613,35.68809761047363,-0.012008698671311158
2017-09-06,37.93338057692411,37.99865806335935,37.42281458438288,37.74687194824219,86606800,37.38153896331787,35.76578002929688,-0.0010484073445654607
2017-09-07,37.78882782667486,37.8238001893692,37.38550552322698,37.5953254699707,87714000,37.391213989257814,35.85013877868652,-0.004014808921896429
2017-09-08,37.502067388313236,37.56967492105878,36.958862829370304,36.982177734375,114446000,37.42979850769043,35.91248092651367,-0.016309148223373038
2017-09-11,37.41813321896013,37.77949284936803,37.27592085695525,37.651268005371094,126323200,37.476658248901366,35.998190841674806,0.018092235557404024
2017-09-12,37.91005350394695,38.22478693622561,37.014816642265714,37.50206756591797,286856000,37.4884313583374,36.07933723449707,-0.0039626936184948836
2017-09-13,37.27126064551317,37.29224548183914,36.8143184135975,37.219970703125,179629600,37.465700340271,36.157256546020506,-0.0075221682723791705
2017-09-14,37.066097162345805,37.161679711360556,36.856273741729595,36.900569915771484,95042800,37.434576225280765,36.22604782104492,-0.00858143575397008
2017-09-15,36.94488053464055,37.5277176686415,36.83530686885993,37.27360153198242,196458400,37.45812358856201,36.30861625671387,0.01010910175811408
2017-09-18,37.32721940826826,37.41814185365583,36.835304753131595,36.99150466918945,113077600,37.47176170349121,36.37880851745606,-0.007568274896937899
2017-09-19,37.187330392736726,37.24794771699612,36.93787800840331,37.00548553466797,83242400,37.48947868347168,36.445192947387696,0.00037794800734780587
2017-09-20,36.811986678781416,36.8959153563297,35.86312981059454,36.385353088378906,211805600,37.446232604980466,36.49699180603027,-0.016757851905715437
2017-09-21,36.322399497770945,36.322399497770945,35.61133770608045,35.76054382324219,150046800,37.36941413879394,36.53531936645508,-0.017171999502631596
2017-09-22,35.329248102469,35.499439077763675,35.10077698110493,35.41084671020508,186581600,37.2833869934082,36.557224655151366,-0.00977885332968087
2017-09-25,34.96790237116252,35.39686970198637,34.774399991448774,35.09845733642578,177549200,37.1748628616333,36.56698371887207,-0.008821855527370581
2017-09-26,35.3852107528149,35.88411923893049,35.364229468002314,35.702274322509766,146640000,37.077762603759766,36.58640403747559,0.01720351924007013
2017-09-27,35.856132681053886,36.070616268553735,35.79551535680401,35.95637893676758,102016800,36.976581764221194,36.6084912109375,0.007117322889920397
2017-09-28,35.87712528643613,35.968047744162725,35.599694219759755,35.73491287231445,88022000,36.85919895172119,36.62178337097168,-0.0061592983220749575
2017-09-29,35.71859414808069,35.933077796494764,35.43649939685604,35.93074417114258,105199200,36.74403057098389,36.64215026855469,0.005480111271793486
2017-10-02,35.963384714241606,36.00768090988704,35.604358570207296,35.85847473144531,74795200,36.62466583251953,36.66139709472656,-0.002011353824263651
2017-10-03,35.90509005330215,36.15687606969623,35.881778707204724,36.01466369628906,64921200,36.5360746383667,36.67531471252441,0.004355705757522976
2017-10-04,35.81651228294703,35.870132308584026,35.54374490380764,35.78153991699219,80655200,36.4378080368042,36.681551132202145,-0.006473023912226483
2017-10-05,35.94471961360071,36.23847172079551,35.91441451040859,36.22681427001953,85135200,36.36938247680664,36.69334884643555,0.012444247901580274
2017-10-06,36.12889472123199,36.25012579477102,36.0333086140694,36.20582962036133,69630400,36.33056507110596,36.71819580078125,-0.0005792573838204751
2017-10-09,36.324739942791545,36.539223575154196,36.25013864157454,36.33173370361328,65051600,36.264588356018066,36.75048385620117,0.003477453343070147
2017-10-10,36.38303226599616,36.83531454541433,36.15922475201697,36.34572982788086,62468000,36.20677146911621,36.78662818908691,0.00038523138977497595
2017-10-11,36.362046209643886,36.597511149322166,36.31075625330116,36.49726486206055,67622400,36.17063617706299,36.81967254638672,0.004169266510737346
2017-10-12,36.45063242766684,36.6884273951515,36.30608641273993,36.36903381347656,64500400,36.144059371948245,36.81722312927246,-0.0035134426940930386
2017-10-13,36.5392285410632,36.66745343581403,36.46462722970741,36.59984588623047,65576800,36.110371589660645,36.826681747436524,0.006346390006884972
2017-10-16,36.81199196055767,37.30157657606069,36.753708247157576,37.27360153198242,96486000,36.12447643280029,36.84580696105957,0.018408701715474596
2017-10-17,37.25028826075554,37.504404408582516,37.122063374168995,37.41115188598633,75989200,36.14475975036621,36.856443634033205,0.0036902887928842443
2017-10-18,37.39949440603615,37.467105508625025,37.208325667636494,37.24562454223633,65496800,36.18777332305908,36.85787139892578,-0.004424545500615884
2017-10-19,36.543894747808835,36.62082968995012,36.14057237599801,36.3643798828125,170336800,36.2179651260376,36.837122497558596,-0.023660353941024725
2017-10-20,36.511247257284445,36.77702083129883,36.359711034962906,36.42731857299805,95896400,36.268788719177245,36.841459121704105,0.001730778591258142
2017-10-23,36.576522059698476,36.763030628659415,36.25246479960394,36.40866470336914,87937200,36.334299087524414,36.83535095214844,-0.0005120846210935337
2017-10-24,36.43664225962618,36.70008576487536,36.415660977975,36.625484466552734,71028800,36.38045959472656,36.82252853393555,0.00595516932439244
2017-10-25,36.58118609488452,36.730392239980006,36.19884512574264,36.46461868286133,84828400,36.40587158203125,36.79832908630371,-0.004392181729044764
2017-10-26,36.6557839773054,36.79566628165683,36.55087402771921,36.697750091552734,68002000,36.454013442993165,36.781823043823245,0.006393359292167222
2017-10-27,37.13605250403111,38.140866798874264,36.998503782174275,38.01264190673828,177816800,36.55810832977295,36.806022796630856,0.03583031144702842
2017-10-30,38.208460840162424,39.18296611854663,38.16882835248632,38.86823272705078,178803200,36.70859622955322,36.84901260375977,0.02250805988206861
2017-10-31,39.143322296921,39.55130810102916,38.91951493364271,39.409095764160156,144187200,36.87831783294678,36.9041716003418,0.01391529789655066
2017-11-01,39.60260815390069,39.61892929776736,38.60945516607839,38.907867431640625,134551200,37.0346342086792,36.93732345581055,-0.012718595106040564
2017-11-02,38.84026655427204,39.283221336309026,38.532526851703295,39.192298889160156,165573600,37.18290843963623,36.9752311706543,0.007310384153520255
2017-11-03,40.56546153192935,40.62607530874295,39.89403206477131,40.21575927734375,237594400,37.383404922485354,37.036918563842775,0.026113813611139403
2017-11-06,40.185446563274354,40.79626219210494,40.03391035782357,40.623741149902344,140105200,37.598005294799805,37.10401458740235,0.010144825806843283
2017-11-07,40.544479239242015,40.85687905844864,40.47220801094028,40.75429916381836,97446000,37.81843376159668,37.1662149810791,0.003213835314533231
2017-11-08,40.71932360389682,41.087677001953125,40.642388695693164,41.087677001953125,97638000,38.047954368591306,37.228368606567386,0.008180188224920837
2017-11-09,40.82425024696634,41.05505506598256,40.36497423451421,41.00376510620117,117930400,38.27969093322754,37.286792526245115,-0.0020422642961286375
2017-11-10,40.97099827789114,41.0341719661069,40.77446188137926,40.86804962158203,100582000,38.49310111999512,37.33947128295898,-0.003309829823374355
2017-11-13,40.594309459326475,40.82828242450991,40.57091073475048,40.70427703857422,67928400,38.66463489532471,37.38864143371582,-0.004007350106605689
2017-11-14,40.486666151409715,40.589614791274506,40.05147644570856,40.08891296386719,99130000,38.79852294921875,37.43468994140625,-0.015117921738884377
2017-11-15,39.768374442386936,39.8502663861521,39.39635838500541,39.56013870239258,116632400,38.914248657226565,37.470955276489256,-0.0131900374038878
2017-11-16,40.051479125002835,40.212920996486766,39.84558540164261,40.03276443481445,94550000,39.09766788482666,37.519704055786136,0.011947019093572875
2017-11-17,40.01872540396868,40.10061735144364,39.6911647543555,39.810489654541016,87598000,39.266826438903806,37.576270294189456,-0.005552321539906813
2017-11-20,39.84325630119698,39.906430004022866,39.67245702926181,39.77072525024414,65049600,39.43492946624756,37.61865943908691,-0.0009988423815414649
2017-11-21,39.95789457257142,40.641095063383005,39.95789457257142,40.51007080078125,100525200,39.62915878295898,37.67881950378418,0.01859019532294215
2017-11-22,40.56153978037809,40.94525517175338,40.48900875672528,40.93589782714844,102355600,39.85272274017334,37.753138046264645,0.010511633723409242
2017-11-24,40.968672941921206,41.06226071206752,40.86338223782588,40.938255310058594,56106800,40.064748001098636,37.83389175415039,5.75896226855388e-05
2017-11-27,40.95696115950226,40.963980061627794,40.55686588762935,40.73234558105469,82867200,40.20073318481445,37.903066635131836,-0.005029763174917545
2017-11-28,40.781479992599294,40.91484269830939,40.21058550605959,40.49369430541992,105715200,40.28200626373291,37.97311042785645,-0.005859011363827937
2017-11-29,40.390745306665664,40.45859588089686,39.1109131808278,39.65372848510742,166665600,40.29423789978027,38.026075286865236,-0.02074312642302123
2017-11-30,39.876007230103156,40.276102536188226,39.41040335529264,40.208251953125,166108800,40.35925712585449,38.10253326416016,0.013984144472715565
2017-12-01,39.76369693362898,40.166130640564205,39.42443691456497,40.02106857299805,159037200,40.400695610046384,38.187743759155275,-0.004655347373598184
2017-12-04,40.3556413383048,40.38839739869547,39.688820772464105,39.72859573364258,130169600,40.37633743286133,38.27409873962402,-0.007307971770468824
2017-12-05,39.555461202335145,40.131036155210275,39.40103821861945,39.691165924072266,109400800,40.329708671569826,38.36595291137695,-0.0009421377443405987
2017-12-06,39.1904605999383,39.82218671349077,38.947130355732995,39.543758392333984,114240000,40.269181632995604,38.44278259277344,-0.0037138624756014593
2017-12-07,39.54845595026919,39.87835873748663,39.520380332682905,39.616310119628906,102693200,40.19561328887939,38.51598121643067,0.001834720073269125
2017-12-08,39.8900466501275,40.00937156075876,39.49931228026131,39.627994537353516,93420800,40.12682476043701,38.593842849731445,0.0002949395763847118
2017-12-11,39.588214449480425,40.451575032247945,39.492284702474436,40.40010070800781,141095200,40.1034273147583,38.68322998046875,0.01948385679539011
2017-12-12,40.27844003213489,40.33459482276244,40.11700170310015,40.173152923583984,77636800,40.07687110900879,38.769523544311525,-0.005617505413268553
2017-12-13,40.36033514994437,40.60366545476763,40.24334867124888,40.306522369384766,95273600,40.08775157928467,38.855360717773436,0.003319865036594871
2017-12-14,40.33693229251941,40.50773510441506,40.16145259245889,40.29481887817383,81906000,40.12448558807373,38.94562629699707,-0.00029036221740197377
2017-12-15,40.62472708724644,40.75107091758208,40.35097914639911,40.70427703857422,160677200,40.15806121826172,39.035175552368166,0.010161558527867598
2017-12-18,40.91718344380719,41.45999873588689,40.91250298598988,41.27750015258789,117684400,40.23141174316406,39.1366089630127,0.0140826260952982
2017-12-19,40.952275414377006,41.03650579915266,40.732340322454874,40.83762741088867,109745600,40.28475685119629,39.2267268371582,-0.010656477259358477
2017-12-20,40.91484190185705,41.0435277172431,40.53580692757751,40.79317855834961,93902400,40.29891223907471,39.315675811767576,-0.0010884288671287878
2017-12-21,40.751061117009336,41.18391242655621,40.734684869859905,40.94759750366211,83799600,40.29949722290039,39.40468246459961,0.003785410962561464
2017-12-22,40.87038601530353,41.04352725315094,40.82827260536791,40.94759750366211,65397600,40.299964332580565,39.49625373840332,0.0
2017-12-26,39.96258811860893,40.11934959628683,39.70053593743797,39.908775329589844,132742000,40.258785820007326,39.56243232727051,-0.025369551265598922
2017-12-27,39.79879646451484,39.9578963418206,39.707547165438044,39.9157829284668,85992800,40.22989025115967,39.6152759552002,0.00017559042639314626
2017-12-28,40.00936935393371,40.20824776415976,39.88770243579035,40.0280876159668,65920800,40.24860820770264,39.6676146697998,0.0028135408918636973
2017-12-29,39.897068653071464,39.913444903186715,39.592903102369796,39.59524154663086,103999600,40.21795768737793,39.71460700988769,-0.010813558556399316
2018-01-02,39.81283531119191,40.313537247208004,39.60225752847971,40.304176330566406,102223600,40.23211307525635,39.793402938842775,0.017904544996919514
2018-01-03,40.36733841756425,40.839964608071945,40.233975739981666,40.29714584350586,118071600,40.26054058074951,39.87079948425293,-0.0001744356962634086
2018-01-04,40.36969263296612,40.58728934054545,40.26206707148543,40.48434066772461,89738400,40.300199317932126,39.95231300354004,0.004645361856289387
2018-01-05,40.58026192724971,41.03182792816311,40.48901263550257,40.94525909423828,94640000,40.37027435302734,40.03870849609375,0.011385103941710772
2018-01-08,40.79317855834961,41.08798314166222,40.694906793768766,40.79317855834961,82271200,40.42911777496338,40.12527969360352,-0.003714240409094738
2018-01-09,40.83997225073741,40.959297149866934,40.5732432755148,40.78849792480469,86336000,40.487142944335936,40.20709465026855,-0.0001147405941468449
2018-01-10,40.51474969876762,40.78147867169188,40.477313176567634,40.779136657714844,95839600,40.506094741821286,40.262424545288084,-0.00022950752212302916
2018-01-11,40.849330820735744,41.059908588629746,40.82593567106534,41.010772705078125,74670800,40.547975730896,40.30527534484863,0.005680258738863131
2018-01-12,41.22134891451,41.49743882718429,41.09734354776063,41.43426513671875,101672400,40.604362869262694,40.345778732299806,0.010326370456028577
2018-01-16,41.623785585266006,41.972406559387096,41.211994486349994,41.22369384765625,118263600,40.65080661773682,40.39209526062012,-0.005082056804137536
2018-01-17,41.214336975876456,41.939654606330926,40.961649311607026,41.90456008911133,137547200,40.71082077026367,40.44634048461914,0.016516381185326168
2018-01-18,41.967727066089836,42.13852989077325,41.7056785034929,41.94198989868164,124773600,40.74404525756836,40.4808650970459,0.0008932156665222291
2018-01-19,41.78990484442101,42.01685887036376,41.50913804463785,41.75481033325195,129700400,40.78990440368652,40.503486480712894,-0.0044628203354646345
2018-01-22,41.48340059982055,41.59570660494731,41.31962026523079,41.4132080078125,108434400,40.82090587615967,40.51666465759277,-0.008181149015240807
2018-01-23,41.48339306556889,41.98409489474454,41.371087080839246,41.42255783081055,130756400,40.84465389251709,40.52336227416992,0.00022576910719607213
2018-01-24,41.47169778528601,41.48339714467017,40.52410679746099,40.762760162353516,204420400,40.83541202545166,40.51854217529297,-0.015928462726806036
2018-01-25,40.83059760036946,40.93354621760488,39.89938672925817,40.035091400146484,166116000,40.841727828979494,40.501883010864255,-0.01785131230831294
2018-01-26,40.24334446403802,40.24334446403802,39.78943640292996,40.12869644165039,156572000,40.85237350463867,40.49037139892578,0.002338074879568275
2018-01-29,39.812831581035425,39.812831581035425,39.08985613945785,39.298091888427734,202561600,40.81587371826172,40.47455497741699,-0.02069851818960544
2018-01-30,38.7295494172181,39.160058869410214,38.535351403750624,39.066471099853516,184192800,40.78943519592285,40.46468162536621,-0.005893944907855109
2018-01-31,39.043055645715235,39.41039480264759,38.95648681745555,39.17407989501953,129915600,40.73293037414551,40.44750793457031,0.0027545051328277115
2018-02-01,39.11325400152449,39.452514033583086,39.01732424407224,39.255977630615234,188923200,40.68087196350098,40.436417694091794,0.0020906103172091406
2018-02-02,38.83949745629807,39.026676471320826,37.45905891452289,37.55264663696289,346375200,40.53428726196289,40.39205612182617,-0.043390359798960554
2018-02-05,37.225091280275514,38.34348150059493,36.499773833727474,36.61442184448242,290954000,40.3177453994751,40.314143142700196,-0.02498425215007294
2018-02-06,36.226033801905984,38.30605327216174,36.03183581681367,38.14461135864258,272975200,40.185317039489746,40.258317413330076,0.041791988977991856
2018-02-07,38.15864182365693,38.231172856032934,37.218073276522176,37.32803726196289,206434400,40.01229400634766,40.186113052368164,-0.02140732511342447
2018-02-08,37.50350842775057,37.66963073040576,36.27281246056751,36.30088806152344,217562000,39.788381576538086,40.09748390197754,-0.02751682852304993
2018-02-09,36.89995612086624,37.09259424286847,35.29540556303041,36.744903564453125,282690400,39.57508811950684,40.0225080871582,0.012231532798237854
2018-02-12,37.23590527913192,38.50216084208162,37.00332640992512,38.22494888305664,243278000,39.41462230682373,39.993932495117186,0.040278927824845434
2018-02-13,38.046412100350224,38.70420816084328,37.97593331088665,38.607887268066406,130196800,39.28383197784424,39.961925201416015,0.010018022160900975
2018-02-14,38.30247226663081,39.359643097700136,38.264886694786455,39.319705963134766,162579600,39.15458927154541,39.94789794921875,0.018437131514759786
2018-02-15,39.88822307075236,40.66348229136409,39.70263246077714,40.639991760253906,204588800,39.08948936462402,39.966125869750975,0.03357822152477463
2018-02-16,40.49198365419626,41.06990516321452,40.35337770162429,40.508426666259766,160704400,39.027170181274414,39.98247108459473,-0.0032373307251211125
2018-02-20,40.41917323044115,40.938359663897515,40.27116813864954,40.372188568115234,135722000,38.97511920928955,39.99903968811035,-0.0033632038900688332
2018-02-21,40.60241196228296,40.905466051719024,40.17484333201391,40.188941955566406,149886400,38.913438415527345,40.0104923248291,-0.004538931850069483
2018-02-22,40.36043138630971,40.865522652890775,40.33928883126937,40.524879455566406,123967600,38.901544380187985,40.02843002319336,0.008358953574130412
2018-02-23,40.799747265758924,41.264901443927855,40.76920562691521,41.22966384887695,135249600,38.96127300262451,40.045021286010744,0.017391400117138245
2018-02-26,41.429349848762854,42.14352586821339,41.396460234407215,42.044857025146484,152648800,39.057081031799314,40.08245536804199,0.019772006370402107
2018-02-27,42.07540332108041,42.39959996000254,41.85457149250912,41.90860366821289,155712400,39.18760662078857,40.11449699401855,-0.003240666435186168
2018-02-28,42.1129932092507,42.43249392454348,41.82873367844383,41.845176696777344,151128400,39.326541900634766,40.14550415039062,-0.0015134594303759519
2018-03-01,41.943841221891674,42.23515182722027,40.5624736826807,41.11220169067383,195208000,39.42344799041748,40.15366264343262,-0.017516355861390442
2018-03-02,40.595371296980964,41.41761549275726,40.51314544352325,41.3964729309082,153816000,39.53047275543213,40.15604209899902,0.006914522417778013
2018-03-05,41.16153961904458,41.75590432996107,40.99943950066743,41.539772033691406,113605600,39.72982902526856,40.17008499145508,0.003461625897993148
2018-03-06,41.795846326329126,41.87572061331402,41.37767672423165,41.50453567504883,95154000,39.974334716796875,40.184312133789064,-0.0008482559464697559
2018-03-07,41.098112505222474,41.311896844788045,40.94071191221156,41.11925506591797,126814000,40.123066902160645,40.18774528503418,-0.009282855544929691
2018-03-08,41.22495269214697,41.61023248984186,41.128635431247034,41.56794738769531,95096400,40.335062408447264,40.200152282714846,0.01091197593580051
2018-03-09,41.80758156446404,42.28683073553249,41.673671546479305,42.28213119506836,128740800,40.63412456512451,40.24761940002441,0.01718111795879662
2018-03-12,42.35495927254413,42.848307080513344,42.336168279495034,42.6909065246582,128828400,40.93142471313477,40.30312187194824,0.009667803349456605
2018-03-13,42.89528848118307,43.10907275407872,42.1082857615601,42.279781341552734,126774000,41.13416633605957,40.34815574645996,-0.009630275310926084
2018-03-14,42.36201276130099,42.40899741596787,41.77234405342869,41.92034912109375,117473600,41.29978942871094,40.394657897949216,-0.008501279076051693
2018-03-15,41.934443192119986,42.34321720616517,41.83342636615037,41.96968078613281,90975200,41.43228816986084,40.42796798706055,0.0011767951859504855
2018-03-16,41.96968729351634,42.08010321814218,41.72771288457882,41.821685791015625,157618800,41.49137287139892,40.458458786010745,-0.003526235900419006
2018-03-19,41.65722761279198,41.69246520374782,40.79739454647945,41.182674407958984,133787200,41.525085258483884,40.47242546081543,-0.015279426712969002
2018-03-20,41.168582916259766,41.53506823255151,41.09810414358075,41.168582916259766,78597600,41.56490497589111,40.47689193725586,-0.0003421703884411986
2018-03-21,41.12160323355802,41.13335029556511,40.23357983326294,40.235931396484375,148219600,41.56725444793701,40.46574699401855,-0.022654447972437652
2018-03-22,39.93757248715271,40.56717485041183,39.608676265256136,39.66740798950195,165963200,41.52438087463379,40.4433251953125,-0.014129743919189974
2018-03-23,39.55933346018585,39.91877126601318,38.748836517333984,38.748836517333984,164115200,41.40033950805664,40.40271919250488,-0.023156831230592867
2018-03-26,39.48416596813154,40.665847993277964,39.10123397243239,40.588321685791016,150164800,41.32751274108887,40.39427017211914,0.04747201035659887
2018-03-27,40.802089099688025,41.14743181798112,39.213985058848884,39.54758071899414,163690400,41.20946159362793,40.35653648376465,-0.025641389532034098
2018-03-28,39.291517090797406,39.94226549266874,38.80756833575712,39.11062240600586,166674000,41.072733879089355,40.31427505493164,-0.011048926509388601
2018-03-29,39.423066957139966,40.34867915139924,39.20928270218189,39.416019439697266,153594000,40.98792476654053,40.26450424194336,0.0078085444542685956
2018-04-02,39.148208721137635,39.688541173485575,38.63841790528605,39.1576042175293,150347200,40.87598133087158,40.20881652832031,-0.006556096375061937
2018-04-03,39.383146251731,39.64391525993994,38.734749283749345,39.55934143066406,121112000,40.77695980072021,40.164907150268554,0.010259494194359453
2018-04-04,38.73474657002297,40.40977284946621,38.70890446886859,40.31580352783203,138422000,40.717523193359376,40.14295906066894,0.01912221158923555
2018-04-05,40.54368322890842,40.93131116470009,40.426219783553385,40.595367431640625,107732800,40.691328811645505,40.12641525268555,0.006934350288109625
2018-04-06,40.1654552459367,40.520193599758414,39.51470668278402,39.5569953918457,140021200,40.59078121185303,40.10229995727539,-0.02557858458957063
2018-04-09,39.90938079142207,40.66349409278615,39.902333271573795,39.949317932128906,116070800,40.47414054870605,40.100584487915036,0.009917905452548004
2018-04-10,40.642340986243575,40.87726781275365,40.296998264497844,40.701072692871094,113634400,40.374648857116696,40.11203201293945,0.018817712032515033
2018-04-11,40.461451746423364,40.858478709963855,40.336940798469165,40.51078796386719,89726400,40.28619918823242,40.13628593444824,-0.004675177247533191
2018-04-12,40.73867207140737,41.11220495899255,40.65174668618393,40.9101676940918,91557200,40.235690116882324,40.17315986633301,0.009858601876142847
2018-04-13,41.06050651758928,41.30952835628507,40.842026310517966,41.04875946044922,100497200,40.18964405059815,40.2106534576416,0.003387709563885233
2018-04-16,41.11923827564178,41.391754228995794,41.07225363171487,41.304832458496094,86313600,40.16380138397217,40.25163055419922,0.0062382639917195615
2018-04-17,41.462241502852926,42.03781157474124,41.44344692448237,41.87336349487305,106421600,40.198335838317874,40.33804489135742,0.013764274118487796
2018-04-18,41.772344723353555,42.00962314798059,41.55386446253399,41.77939224243164,83018000,40.22887630462647,40.441344299316405,-0.0022441773146050226
2018-04-19,40.82089523929037,41.203827218251746,40.56247781032921,40.595367431640625,139235200,40.24684810638428,40.490359420776365,-0.028339924236344127
2018-04-20,40.07852745991191,40.22418097949111,38.86395232674434,38.93208312988281,261964400,40.21008186340332,40.522440338134764,-0.04097226868456483
2018-04-23,39.19284587149001,39.213988427152856,38.54914502750533,38.819313049316406,146062000,40.21360569000244,40.572808837890626,-0.002896584808734448
2018-04-24,38.92034504528758,39.07539768332923,37.87492089734111,38.278995513916016,134768000,40.09813938140869,40.603490676879886,-0.013918781476477071
2018-04-25,38.203807312988204,38.86160328074757,38.154474676608544,38.44578170776367,113528400,40.04304943084717,40.60790733337402,0.00435712044186265
2018-04-26,38.556187281378676,38.93441959250887,38.37999217218198,38.579681396484375,111852000,40.016502380371094,40.607343215942386,0.003482818732585713
2018-04-27,38.52800286600505,38.60552915559445,37.73630053958174,38.13332748413086,142623200,39.95236778259277,40.583615646362304,-0.011569662998673458
2018-04-30,38.088701585007136,39.2938742121519,38.020570772745614,38.82402038574219,169709600,39.93568859100342,40.54729621887207,0.018112578869461604
2018-05-01,39.0941813984154,39.74962579014744,38.82636490930883,39.72613525390625,214277600,39.944028282165526,40.531650390625,0.023235998209380604
2018-05-02,41.16623621077268,41.758252952550066,40.830292492766674,41.481040954589844,266157600,40.00229015350342,40.55382743835449,0.04417509252957186
2018-05-03,41.31894232653787,41.69952273908075,40.98064703329983,41.556217193603516,136272800,40.050332641601564,40.581172943115234,0.0018123035797479314
2018-05-04,41.875714983370386,43.28527621703222,41.856920403424276,43.186607360839844,224805200,40.23181324005127,40.6344075012207,0.039233363316988346
2018-05-07,43.503746095720956,44.08871515844912,43.40272928542785,43.49905014038086,169805600,40.40929985046387,40.67979522705078,0.0072347146172062615
2018-05-08,43.45911943850207,43.748078461393405,43.149014274658285,43.7081413269043,113611200,40.55965328216553,40.71306091308594,0.004806798903623344
2018-05-09,43.82560946207637,44.02529515598114,43.51315628663752,44.015899658203125,92844800,40.73490886688232,40.75520683288574,0.007041212962981547
2018-05-10,44.10517125730131,44.723026479302476,44.084025114920664,44.64550018310547,111957200,40.921675491333005,40.8112133026123,0.014303934028189413
2018-05-11,44.687948193562164,44.82237098712518,44.206847378072545,44.4756965637207,104848800,41.09302234649658,40.87848320007324,-0.0038033758987657817
2018-05-14,44.57475313594708,44.69738719101418,44.30354687419681,44.3719367980957,83115200,41.246377563476564,40.93799247741699,-0.0023329542568567563
2018-05-15,44.04883689689626,44.117230403575014,43.65263963890767,43.96865463256836,94780800,41.35114212036133,40.98657012939453,-0.009088676191043588
2018-05-16,43.88141309701925,44.44505337428352,43.864903072872764,44.3790168762207,76732400,41.48112335205078,41.04405975341797,0.00933306345353535
2018-05-17,44.33655172267472,44.55116036327544,43.949786202651836,44.09836196899414,69176000,41.65627307891846,41.10364189147949,-0.0063240451677726295
2018-05-18,44.14554519807857,44.291760391793076,43.895562990041576,43.938011169433594,73190800,41.906569480895996,41.15104316711426,-0.0036362076140898925
2018-05-21,44.33656270229301,44.63607134090016,44.079505835377276,44.249305725097656,73603200,42.17806911468506,41.190386657714846,0.007084857675138112
2018-05-22,44.42618217329871,44.54409856840905,44.04884826953651,44.138465881347656,60962800,42.47104263305664,41.21933784484863,-0.002504894527353696
2018-05-23,43.94744041579675,44.45447945827249,43.808296339379034,44.42146301269531,80233600,42.76982669830322,41.26217147827148,0.006411576064025537
2018-05-24,44.518155570933565,44.53466199455494,43.91442422063814,44.3719367980957,92936000,43.059439468383786,41.311203231811525,-0.0011149163318969757
2018-05-25,44.390796181399885,44.725678244441816,44.25401275871705,44.47333908081055,69844000,43.37644004821777,41.361276397705076,0.0022852796166246137
2018-05-29,44.24222988370924,44.51343613465707,44.07006936758996,44.3129768371582,90056400,43.65088787078857,41.41110221862793,-0.00360580624182405
2018-05-30,44.27052668436617,44.3365595703125,44.04884331075102,44.21864318847656,74762000,43.87551326751709,41.47182159423828,-0.002128804143045948
2018-05-31,44.15261891155814,44.39080875384174,43.89791904530758,44.07007598876953,109931200,44.00496501922608,41.52985145568848,-0.003359831713374395
2018-06-01,44.33419871518947,44.86953645162613,44.277597561320896,44.86482238769531,93770000,44.17039527893066,41.622429275512694,0.018033697040329866
2018-06-04,45.19499069863809,45.614772730208344,45.12660078050418,45.23979949951172,105064800,44.273054885864255,41.73387710571289,0.008357931489755499
2018-06-05,45.532239102618185,45.73741248113974,45.36479623612481,45.588836669921875,86264000,44.377544212341306,41.870677108764646,0.0077152678453829004
2018-06-06,45.66429450155658,45.77041851462867,45.2610189336562,45.74683380126953,83734400,44.47947883605957,41.97384735107422,0.0034656978086895496
2018-06-07,45.78457491780687,45.79872430858135,45.360075201959646,45.624210357666016,85388800,44.55989437103271,42.095379943847654,-0.002680479355931187
2018-06-08,45.08414969878442,45.27989132749158,44.753985263930446,45.20914077758789,106627200,44.58807640075683,42.2173503112793,-0.00909757290754698
2018-06-11,45.126607131161826,45.2728223137285,44.857757886607324,45.098304748535156,73234000,44.61920680999756,42.33099601745605,-0.0024516287446825213
2018-06-12,45.1360295606633,45.42374580151868,45.079428405593966,45.34592056274414,67644400,44.66790599822998,42.454762344360354,0.005490579204466162
2018-06-13,45.37894121591051,45.48742587356639,44.91199333844062,44.97330856323242,86553600,44.718138694763184,42.56304168701172,-0.008217100786302112
2018-06-14,45.173761760833635,45.178479423187866,44.860103786934765,44.99688720703125,86440400,44.749032211303714,42.6566633605957,0.0005242808357244222
2018-06-15,44.81529807845651,44.84595748808827,44.397873095137925,44.5346565246582,246876800,44.770846939086915,42.735449142456055,-0.010272503523328536
2018-06-18,44.30826535396777,44.624280426192385,44.14789718692126,44.51108169555664,73939600,44.799500465393066,42.83453086853027,-0.0005293591764541361
2018-06-19,43.662085061714585,43.94272667342258,43.26352704834932,43.79179382324219,134314000,44.776624870300296,42.91138038635254,-0.016159748200104018
2018-06-20,43.947433686908205,44.147889362033595,43.80121493729202,43.98280715942383,82514800,44.768841934204104,42.977015075683596,0.00436185229024022
2018-06-21,44.15968021665077,44.419097668013194,43.614907167311685,43.73754119873047,102847600,44.73464584350586,43.041550140380856,-0.0055764053395761515
2018-06-22,43.89319760212371,43.90027229792236,43.558315473070756,43.610198974609375,108801600,44.69655895233154,43.09555076599121,-0.0029115085263363705
2018-06-25,43.25173563934805,43.610202515853324,42.62206247247789,42.96166229248047,126652400,44.62097511291504,43.133808822631835,-0.014871215848074826
2018-06-26,43.15504415067627,43.989890655786986,43.04891651485026,43.4946403503418,98276800,44.58005828857422,43.17760498046875,0.012405899339575033
2018-06-27,43.68331229948418,44.16677030083595,43.40031363481003,43.430973052978516,101141200,44.54067478179932,43.20875717163086,-0.0014637963861857672
2018-06-28,43.416810535835204,43.91441778022943,43.34605999142176,43.74697494506836,69460800,44.524519729614255,43.248108825683595,0.007275956992821131
2018-06-29,43.93328352507445,44.145535169386115,43.13617123876956,43.65500259399414,90950800,44.4640287399292,43.30930152893066,-0.0021023705339558996
2018-07-02,43.35078611043578,44.1714832295676,43.25645083330846,44.14318084716797,70925200,44.40919780731201,43.413523483276364,0.01118264171724026
2018-07-03,44.287030725676225,44.32476482948047,43.28474153395483,43.374359130859375,55819200,44.29847393035889,43.504624404907226,-0.01741654546758653
2018-07-05,43.69037223212883,43.96158204295714,43.459257153905625,43.723388671875,66416800,44.19730167388916,43.61351226806641,0.008046909464704877
2018-07-06,43.72811255310879,44.43796790786526,43.67622905491156,44.32948684692383,69940800,44.13256549835205,43.731186370849606,0.013862104321266777
2018-07-09,44.690307514477155,44.96858844083861,44.64314168271515,44.94500732421875,79026400,44.11935882568359,43.858492889404296,0.013885125253545239
2018-07-10,44.97566607914282,45.110088877632826,44.85067140893668,44.89076614379883,63756400,44.108981895446775,43.99364166259765,-0.0012068343882701837
2018-07-11,44.454477036854996,44.756342693838846,44.2445860160065,44.30826187133789,75326000,44.057098960876466,44.10332649230957,-0.012976037668748996
2018-07-12,44.697383059421924,45.14074980316631,44.64549956394025,45.05113220214844,72164400,44.06099014282226,44.209826431274415,0.01676595513874335
2018-07-13,45.062936630179244,45.24216828170033,45.0204848504496,45.12189483642578,50055600,44.06724052429199,44.282643508911136,0.0015707182221265104
2018-07-16,45.166692910813076,45.43318149269543,44.90727542559399,45.02283477783203,60172400,44.09164943695068,44.3519758605957,-0.002195387825641215
2018-07-17,44.749265847601635,45.24923014322557,44.6195571109476,45.15018081665039,62138000,44.12360439300537,44.391247329711916,0.002828476692921633
2018-07-18,45.2279962158199,45.23271387754126,44.79170426889305,44.90254592895508,65573600,44.179141998291016,44.4193172454834,-0.005484693155514253
2018-07-19,44.735116413293575,45.40959824469999,44.735116413293575,45.251590728759766,81147200,44.24258117675781,44.450186233520505,0.007773385508183628
2018-07-20,45.228001785572765,45.38129162443984,44.84831093697936,45.14781951904297,82704800,44.31309509277344,44.47282463073731,-0.0022932057867049993
2018-07-23,44.968585665291265,45.270454886685215,44.70445414490889,45.18791198730469,63957600,44.391980743408205,44.48367286682129,0.0008880266796673641
2018-07-24,45.38601163631743,45.67137084476869,45.29167997651918,45.51572036743164,74791600,44.51968364715576,44.50447334289551,0.007254337846348102
2018-07-25,45.5298744916329,45.95201716965976,45.381298693402805,45.944942474365234,66839600,44.642198753356936,44.5359334564209,0.009430194743017095
2018-07-26,45.89541427713352,46.21378994746489,45.65958151348729,45.801082611083984,76304000,44.76070423126221,44.57258201599121,-0.0031311359974280917
2018-07-27,45.985040464128744,46.03220630595924,44.8318181785361,45.03934860229492,96096000,44.82532291412353,44.5857886505127,-0.016631353788233882
2018-07-30,45.256303621710636,45.327054166940535,44.58890010095334,44.7869987487793,84118000,44.88192272186279,44.5995613861084,-0.005602875293422183
2018-07-31,44.8789704326629,45.312901803761946,44.65256942249011,44.876609802246094,157492000,44.918594169616696,44.61833335876465,0.002000827382282244
2018-08-01,46.96137178153096,47.58160940261683,46.53215449381962,47.520294189453125,271742800,45.12589092254639,44.683753128051755,0.058910073618678505
2018-08-02,47.30333835907744,49.142834720583664,47.24909782850807,48.909358978271484,249616000,45.38518943786621,44.779170989990234,0.029230980416081964
2018-08-03,48.82446030579577,49.22773594418698,48.45891877596613,49.05086135864258,133789600,45.62125816345215,44.87175895690918,0.0028931554885835986
2018-08-06,49.053214468487354,49.34800542082201,48.8338917272411,49.30555725097656,101701600,45.839285659790036,44.970431365966796,0.00519248562164365
2018-08-07,49.364510878106664,49.40695904402814,48.76077604077673,48.843318939208984,102349600,46.036913299560545,45.05783096313476,-0.009374973888129468
2018-08-08,48.59333278441692,49.00839707707768,48.23250900989143,48.8763313293457,90102000,46.265316772460935,45.149098052978516,0.0006758834340845343
2018-08-09,49.41404350351956,49.473001700187574,48.864552678750876,49.2607536315918,93970400,46.47579784393311,45.24994026184082,0.007865203704748636
2018-08-10,49.07378574614256,49.485575177649636,48.91048987483557,49.114017486572266,98444800,46.67540397644043,45.35081909179687,-0.0029787637054221605
2018-08-13,49.535267986992444,49.9233899602011,49.154245519727546,49.43113708496094,103563600,46.895819091796874,45.44214538574219,0.0064568042814940885
2018-08-14,49.73643570353363,49.831098200524664,49.28677981496923,49.639404296875,82992000,47.120280265808105,45.53013748168945,0.004213279810984183
2018-08-15,49.513984613795685,49.87370867325662,49.3033574470419,49.75537872314453,115230400,47.36292190551758,45.6134683227539,0.0023363379942258344
2018-08-16,50.11272194430814,50.60024064494456,50.04645747690956,50.48427963256836,114001600,47.624556350708005,45.708217239379884,0.01464969070941402
2018-08-17,50.51268281942928,51.5800175244301,50.446418345260085,51.492454528808594,141708000,47.94178810119629,45.825582122802736,0.019970075904377937
2018-08-20,51.61551983641066,51.87110932189364,50.90790551488635,50.99073791503906,121150800,48.23192939758301,45.941214065551755,-0.009743497729144623
2018-08-21,51.307850505178855,51.400147691984785,50.6523017823488,50.891326904296875,104639200,48.50070972442627,46.05707450866699,-0.0019495895687531295
2018-08-22,50.668869720913406,51.20371962269942,50.60733585559325,50.89369583129883,76072400,48.74814739227295,46.16803001403809,4.654873720255637e-05
2018-08-23,50.799032430245035,51.367018204194856,50.78720232734104,50.99782943725586,75532800,49.007984733581544,46.288520431518556,0.002046100293093378
2018-08-24,51.26052587214312,51.33152093949992,50.907901389318916,51.156394958496094,73905600,49.3138370513916,46.411710586547855,0.0031092601977369405
2018-08-27,51.39068485955114,51.766976764615386,51.196625660811684,51.5776481628418,82100400,49.65336952209473,46.55257041931152,0.008234614747334668
2018-08-28,51.830863851289415,52.19295307283816,51.80956533499646,51.99415969848633,91107200,50.00924701690674,46.70223197937012,0.008075427059595963
2018-08-29,52.10066463492159,52.89111127993572,51.92553865671049,52.77041244506836,109019200,50.2717529296875,46.88180435180664,0.01492961423135819
2018-08-30,52.834296262006895,54.01996046825638,52.63313400311481,53.255550384521484,195175200,50.4890625,47.06725921630859,0.009193370242427612
2018-08-31,53.605830040366044,54.16434752163263,53.4851347972511,53.87089157104492,173360400,50.73006401062012,47.26992622375488,0.01155449867817504
2018-09-04,54.05548148177805,54.23770698067207,53.634227204341904,54.04364776611328,109560400,50.96696853637695,47.47859519958496,0.0032068560595572837
2018-09-05,54.19274232139055,54.353669291891656,53.27213561587266,53.69102096557617,133332000,51.209353637695315,47.693182373046874,-0.006524851950467592
2018-09-06,53.539555725515555,53.804617207503874,52.37282442296422,52.79881286621094,137160000,51.40547771453858,47.87926582336426,-0.01661745452628416
2018-09-07,52.502993086702105,53.336033220872075,52.23320098200579,52.37282943725586,150479200,51.56108150482178,48.058102951049804,-0.0080680493713845
2018-09-10,52.28999240596996,52.50298843468489,51.229757303877285,51.669944763183594,158066000,51.68887786865234,48.21656234741211,-0.013420788634578962
2018-09-11,51.59421441290767,53.082806943997085,51.25105834056841,52.97631072998047,142996000,51.86613655090332,48.402988510131834,0.025282898458364622
2018-09-12,53.234262271079686,53.248461282972364,52.02729570420869,52.318389892578125,197114800,52.00008583068848,48.56649269104004,-0.012419151661121841
2018-09-13,52.89821031768042,54.041277818620834,52.67338418396215,53.582157135009766,166825600,52.19142475128174,48.77064865112305,0.02415531603756249
2018-09-14,53.425959151653856,53.683917511891266,52.661548875687,52.97393798828125,127997200,52.315907669067386,48.95565963745117,-0.0113511508167915
2018-09-17,52.573980941124496,52.76330953149824,51.41908340101543,51.563446044921875,148780400,52.31945724487305,49.100338821411135,-0.026626148572745367
2018-09-18,51.54213987256272,52.502981761395574,51.38357822876502,51.64863967895508,126286800,52.35235233306885,49.23441146850586,0.0016522098612063996
2018-09-19,51.71017977938237,51.97523766891005,50.952868944201235,51.679412841796875,108495200,52.39175662994385,49.37018440246582,0.000595817489736028
2018-09-20,52.12196578156135,52.60475027848478,51.8640038049603,52.072265625,106435200,52.45068511962891,49.52546447753906,0.007601726908270878
2018-09-21,52.24976449154423,52.387027646018495,51.42382026606977,51.51138687133789,384986800,52.476362991333005,49.65466957092285,-0.010771160942012692
2018-09-24,51.31258853840368,52.36335520071056,51.26762259076125,52.25212478637695,110773600,52.53114948272705,49.79727416992188,0.014380080988485755
2018-09-25,52.006003504013755,52.732550997350124,51.99416978895151,52.58345413208008,98217600,52.58143978118896,49.94848655700684,0.00634097363614794
2018-09-26,52.30183684199414,52.95265155382891,52.00837727191883,52.164573669433594,95938800,52.58996047973633,50.0887744140625,-0.007966012685175272
2018-09-27,52.969206326478,53.58925394239841,52.90293825002227,53.236629486083984,120724800,52.61327133178711,50.255456085205076,0.020551415285093633
2018-09-28,53.19876948242372,53.44726306298628,53.01654398633508,53.42359924316406,91717600,52.62167377471924,50.418896255493166,0.0035120509860406823
2018-10-01,53.94660961803524,54.29449987051598,53.56795604203852,53.7833137512207,94403200,52.61729488372803,50.59160614013672,0.006733251094134474
2018-10-02,53.78094861179492,54.4317631714536,53.634220666637496,54.26136779785156,99152800,52.62818088531494,50.77307525634765,0.008888519752467072
2018-10-03,54.44359983400097,55.25297609687015,54.37970066265418,54.921653747558594,114619200,52.68971252441406,50.9611939239502,0.012168619710562822
2018-10-04,54.61636079385546,54.987918497825,53.657887663337085,53.95608139038086,128168000,52.74757595062256,51.12141670227051,-0.017580904639468486
2018-10-05,53.94898541978365,54.05548163878989,52.202434427966345,53.080440521240234,134322000,52.782956504821776,51.267003860473636,-0.01622877063301209
2018-10-08,52.588185792016155,53.201133924424155,52.112497192021806,52.957374572753906,118655600,52.84732799530029,51.425364379882815,-0.0023184801647808673
2018-10-09,52.9266106334102,53.785687075702874,52.597653574398485,53.69102096557617,107564000,52.88306350708008,51.60344482421875,0.013853526515261283
2018-10-10,53.357321978476975,53.567949063458784,51.1303523152718,51.20371627807617,167962400,52.82732982635498,51.72998695373535,-0.04632626913715665
2018-10-11,50.76827309287209,51.946838159353845,50.247622134232415,50.751705169677734,212497600,52.68580722808838,51.79461517333984,-0.008827701214959904
2018-10-12,52.16456226162704,52.74674706543594,51.31731958871107,52.564517974853516,161351600,52.665336227416994,51.867718353271485,0.03571924921763747
2018-10-15,52.33968816048203,52.49824981109706,51.41908157869824,51.44038009643555,123164000,52.659182929992674,51.91550872802734,-0.021385868675819486
2018-10-16,51.81191846476299,52.772760104088555,51.298367229393506,52.5739631652832,116736000,52.70544910430908,51.98087684631348,0.02203683306232418
2018-10-17,52.60949821455552,52.68996171651529,51.908983298718965,52.346805572509766,91541600,52.73881874084473,52.05094657897949,-0.004320724158825451
2018-10-18,51.55872143859332,52.00364316715554,50.40855428097603,51.123268127441406,130325200,52.691368865966794,52.095885314941405,-0.02337367928542533
2018-10-19,51.60605729617253,52.363368255117166,51.456960403375604,51.90188217163086,132314800,52.710893630981445,52.14870788574219,0.015230130480870407
2018-10-22,52.01547412607482,52.860351642227485,51.814315392093164,52.21900177001953,115168400,52.70923748016357,52.21080757141113,0.006109982627219734
2018-10-23,51.078302390515155,52.83431826872994,50.810875570252065,52.71125411987305,155071200,52.71562747955322,52.27640991210937,0.00942669015431341
2018-10-24,52.68048161214551,53.066234694184615,50.77300027621806,50.90316390991211,163702000,52.65255699157715,52.301685104370115,-0.03430178697416453
2018-10-25,51.52321928773726,52.3917605334903,51.2960242350942,52.01783752441406,119423200,52.59161739349365,52.34693428039551,0.02189792399691881
2018-10-26,51.09486711409227,52.11014003080295,50.33045670583249,51.18953323364258,189033600,52.47991409301758,52.361039352416995,-0.01592346645288223
2018-10-29,51.87346856312014,51.99179847777258,48.77322335476921,50.22868347167969,183742000,52.302182579040526,52.335763931274414,-0.018770434134988467
2018-10-30,49.97071720801397,50.924455949051364,49.5257992228298,50.47953796386719,146640000,52.11309108734131,52.325539932250976,0.004994247805219398
2018-10-31,51.326786543689,52.17166028299006,51.26525267501024,51.795372009277344,153435600,51.956777000427245,52.34362083435059,0.026066681639440148
2018-11-01,51.84033821616022,52.62368170185567,51.3102188792331,52.59054946899414,233292800,51.88850040435791,52.37755790710449,0.01535228783711351
2018-11-02,49.592075767555244,50.56237905391569,48.617034661599845,49.10218811035156,365314800,51.68958778381348,52.339645080566406,-0.06633057448276358
2018-11-05,48.34959391831759,48.370892431906185,46.89886830708888,47.70824432373047,264654800,51.427131271362306,52.27068206787109,-0.028388628699974938
2018-11-06,47.78636749045285,48.44901594538071,47.731936723529905,48.22418975830078,127531600,51.15378971099854,52.203612899780275,0.010814596971318036
2018-11-07,48.74484305268231,49.71278123977247,48.30938967512039,49.68674850463867,133697600,51.07794132232666,52.15746467590332,0.030328321816669668
2018-11-08,49.86722939737878,49.90047723917868,49.100151860589314,49.51337814331055,101450400,51.0160249710083,52.09232398986816,-0.003489267592383105
2018-11-09,48.81516253903021,48.924403878426105,48.03145938671116,48.558677673339844,137463200,50.81573295593262,51.99838653564453,-0.01928166701143752
2018-11-12,47.259627429985954,47.46149160971139,46.02232604202068,46.112571716308594,204542000,50.54934253692627,51.8432201385498,-0.05037422916428047
2018-11-13,45.509366284258455,46.827408453582805,45.46661699229114,45.65185546875,187531600,50.20323715209961,51.67538429260254,-0.0099911202175621
2018-11-14,46.04845400043511,46.186196076134955,44.15569357677625,44.362308502197266,243204000,49.804012298583984,51.48881004333496,-0.028247416305684836
2018-11-15,44.73991147050331,45.59011034254825,44.38605662645267,45.45711898803711,185915200,49.52070484161377,51.341976165771484,0.024678843883555235
2018-11-16,45.241005490578,46.30256638175238,44.99402206817327,45.96058654785156,147713200,49.223640060424806,51.2137313079834,0.011075659237158142
2018-11-19,45.122262627353955,45.28850181754832,43.93246111209579,44.13907241821289,167701200,48.819643592834474,51.063113861083984,-0.039632090590101865
2018-11-20,42.36030964576851,43.09651653057792,41.68110061533722,42.03020477294922,271300800,48.28559112548828,50.84419174194336,-0.04777779707924945
2018-11-21,42.68328983761377,42.81153410282051,41.92808729886991,41.98270797729492,124496800,47.839568328857425,50.6374781036377,-0.0011300633891954126
2018-11-23,41.545728433984664,41.939955371122814,40.871270248544576,40.91638946533203,94496000,47.28449592590332,50.384162750244144,-0.025398993141166004
2018-11-26,41.37949974109404,41.54811251832869,40.434304272853666,41.46974182128906,179994000,46.798506355285646,50.154078826904296,0.013523978121918079
2018-11-27,40.7311441285485,41.50534931703304,40.581530700774955,41.37948226928711,165549600,46.35604629516602,49.9503995513916,-0.002176515889366293
2018-11-28,41.9708336400061,43.05376751403634,41.543358788745984,42.97064971923828,184250000,45.98060188293457,49.77683975219727,0.038453053607492294
2018-11-29,43.37911757194036,43.4123654086961,42.20118748278702,42.64053726196289,167080000,45.52286014556885,49.59606224060059,-0.007682277541351645
2018-11-30,42.81628133855752,42.82578279276526,42.042079512806076,42.41018295288086,158126000,45.013841819763186,49.4028205871582,-0.005402237492150852
2018-12-03,43.80659107648332,43.92058313866177,43.03476295213865,43.892086029052734,163210000,44.75333671569824,49.2504345703125,0.03494215240283971
2018-12-04,42.97301383859059,43.314993644535846,41.86158309301077,41.961326599121094,165377200,44.46599082946777,49.04461860656738,-0.04398878259405681
2018-12-06,40.790521773585056,41.50772923732443,40.47229196719625,41.49348068237305,172393600,44.129455375671384,48.82281913757324,-0.011149454859176067
2018-12-07,41.201370500984304,41.438856057479995,39.96881988297296,40.01394271850586,169126400,43.64581508636475,48.57980651855469,-0.03565711864938137
2018-12-10,39.185125924591716,40.39392681826417,38.788525387961656,40.27756118774414,248104000,43.184024238586424,48.320625152587894,0.006588165307598093
2018-12-11,40.766780351835095,40.79765101673973,39.6600965485078,40.04719924926758,189126800,42.75845031738281,48.05309715270996,-0.005719361641654208
2018-12-12,40.4675495230678,40.82852869193123,40.139821820886,40.15882110595703,142510800,42.46076278686523,47.780607299804686,0.0027872575056917537
2018-12-13,40.48892605974861,40.98289660129505,40.265688989423055,40.598167419433594,127594400,42.208078384399414,47.50734329223633,0.010940219393327455
2018-12-14,40.135064514674504,40.15406379663115,39.251617834274576,39.29911422729492,162814800,41.954918670654294,47.194892501831056,-0.03199782834327736
2018-12-17,39.29198198890727,39.98069223126717,38.64602102822434,38.933380126953125,177151600,41.6287317276001,46.8944384765625,-0.009306420959681039
2018-12-18,39.2753738408261,39.78596648532235,39.04026176741648,39.439239501953125,135366000,41.30266437530518,46.62161445617676,0.012992947782866748
2018-12-19,39.42260837756745,39.76696176214106,37.78158206275483,38.20905685424805,196189200,41.006163597106934,46.32664810180664,-0.031191845056854017
2018-12-20,38.09269098875768,38.498792982639806,36.88151653310877,37.244869232177734,259092000,40.76689682006836,45.997725067138674,-0.025234530801121147
2018-12-21,37.251999446242344,37.56073151799907,35.53497920022275,35.79621124267578,382978400,40.4575719833374,45.68957496643066,-0.038895504786747526
2018-12-24,35.18349332626678,35.99094661247746,34.81301633704648,34.87001419067383,148676800,40.15525321960449,45.37194114685059,-0.02587416432769718
2018-12-26,35.21911501353624,37.33985967062577,34.843887332724314,37.32561111450195,234330000,39.94804668426514,45.06716300964356,0.07042144893892499
2018-12-27,37.00974645490796,37.230609896054816,35.63945746965547,37.08336639404297,212468400,39.73324089050293,44.7800227355957,-0.006490040302779332
2018-12-28,37.40397507190618,37.64621135368628,36.703393406418876,37.10236740112305,169165600,39.439826774597165,44.4705908203125,0.0005123862509723853
2018-12-31,37.64858765548356,37.84570111622469,37.16174150533906,37.460975646972656,140014000,39.18084869384766,44.172874221801756,0.009665373693613866
2019-01-02,36.78413837044897,37.7245827857424,36.62739703060972,37.503719329833984,148158800,38.935525512695314,43.90048324584961,0.0011410189436638074
2019-01-03,34.19318320289865,34.606409542440964,33.72296262600118,33.76808547973633,365248800,38.42932548522949,43.53780731201172,-0.09960702343263272
2019-01-04,34.32380096292475,35.27849429775803,34.15043745176816,35.20962142944336,234428400,38.09174022674561,43.1976197052002,0.042689300540063924
2019-01-07,35.314113428905806,35.34498772125398,34.649152921842216,35.131248474121094,219111200,37.773628616333006,42.84601959228516,-0.0022258959949148505
2019-01-08,35.518336908581354,36.055056550079776,35.2713535405517,35.80094528198242,164101200,37.562978744506836,42.54397521972656,0.019062710178223474
2019-01-09,35.92919831490206,36.69865303809117,35.53497493470445,36.40892028808594,180396400,37.36954669952392,42.231796875,0.01698209366581982
2019-01-10,36.216548044796546,36.565652109291655,35.82707186978907,36.5252799987793,143122800,37.19345073699951,41.938511810302735,0.0031959121493485565
2019-01-11,36.306794806835,36.501531088310195,35.98143711442818,36.16667556762695,108092800,36.993843460083006,41.65727165222168,-0.009817978976871089
2019-01-14,35.82470125952503,35.924444768462564,35.437598603803195,35.62283706665039,129756800,36.745076942443845,41.36013763427734,-0.015037005542841708
2019-01-15,35.68697193806859,36.427926054181476,35.634724801804865,36.351932525634766,114843600,36.59771785736084,41.05126884460449,0.020467080081809197
2019-01-16,36.35430844079915,37.019269071588305,36.335309151491586,36.7960319519043,122278800,36.4908504486084,40.7353784942627,0.012216666224178274
2019-01-17,36.620280311678194,37.441982116151216,36.397043258635236,37.01450729370117,119284800,36.369613838195804,40.49362487792969,0.005937470162066472
2019-01-18,37.40399646562793,37.49424218812723,37.043017199374795,37.24250793457031,135004000,36.32128639221192,40.28431015014648,0.006159764307005711
2019-01-22,37.1451202112431,37.22111371203419,36.24504783922982,36.40653991699219,121576000,36.27936992645264,40.04795715332031,-0.02244660910180374
2019-01-23,36.60840791094517,36.84351998595546,36.02656885020508,36.55378723144531,92522400,36.31724872589111,39.78529792785645,0.0040445292188944215
2019-01-24,36.59889738789528,36.686765879715,36.03605780733446,36.264041900634766,101766000,36.38695011138916,39.52031120300293,-0.007926547500426873
2019-01-25,36.92426937466275,37.553608547440376,36.648788763312965,37.465736389160156,134142000,36.39395637512207,39.298452377319336,0.033137356608457846
2019-01-28,36.99787570546437,37.12611994377185,36.492033900729126,37.118995666503906,104768400,36.39573783874512,39.11858085632324,-0.009254875416156771
2019-01-29,37.10713770633597,37.55361194681666,36.598918493259745,36.734283447265625,166348800,36.377333641052246,38.940229415893555,-0.010364294947383113
2019-01-30,38.76952042341593,39.45822714683114,38.052312966631995,39.24449157714844,244439200,36.46650943756104,38.83787307739258,0.06833420702179671
2019-01-31,39.44873274205534,40.13506597381766,39.080629341215584,39.527103424072266,162958400,36.56767864227295,38.71927276611328,0.007201312478931188
2019-02-01,39.65059485362112,40.13031312607623,39.405981367304726,39.54610061645508,130672400,36.85657939910889,38.59098304748535,0.00048061180145175797
2019-02-04,39.75745937470211,40.7667730276874,39.72658509160154,40.669403076171875,125982000,37.12956848144531,38.52158966064453,0.028404885493296783
2019-02-05,41.051762882070676,41.578981228642604,40.93064652495009,41.36524200439453,144406400,37.44126815795899,38.508290405273435,0.0171096420303829
2019-02-06,41.47684858776138,41.69533847596294,41.04937750984635,41.37948226928711,112958400,37.72019500732422,38.49622589111328,0.0003442567770077787
2019-02-07,40.94251397800082,41.30824381331951,40.45329424584691,40.595787048339844,126966800,37.929538345336915,38.48981384277344,-0.01893922248343216
2019-02-08,40.30481062542633,40.70311205010361,40.16886153665804,40.64348602294922,95280000,38.13544864654541,38.47328872680664,0.0011749735151722618
2019-02-11,40.79613104681893,40.83429258000177,40.366822896722226,40.409751892089844,83973600,38.347602462768556,38.45389411926269,-0.005750838663971858
2019-02-12,40.569552249159045,40.784204501347254,40.47414841763224,40.75796890258789,89134000,38.60435905456543,38.40964050292969,0.008617152894873525
2019-02-13,40.877218430046,41.137187031192965,40.52661710438461,40.588626861572266,89960800,38.81619377136231,38.36860229492188,-0.004154820408748927
2019-02-14,40.47653877930612,40.846217281030114,40.39783197721137,40.736507415771484,87342800,39.013217544555665,38.33512878417969,0.003643398795026176
2019-02-15,40.843836724374356,40.95116286674207,40.486080490292245,40.645877838134766,98507200,39.194786071777344,38.270204620361326,-0.0022247753522833813
2019-02-19,40.4765339806188,40.88914507060669,40.42406278544301,40.76750564575195,75891200,39.371035957336424,38.24632820129395,0.0029923774337350384
2019-02-20,40.82952646483924,41.337541474435355,40.78182636217737,41.029869079589844,104457600,39.60220241546631,38.237055969238284,0.006435601827536219
2019-02-21,40.97501351487574,41.1109589873407,40.617257291473365,40.798519134521484,68998800,39.81443901062012,38.252747497558595,-0.005638573806306502
2019-02-22,40.92254581743053,41.26122130122351,40.87484571141324,41.254066467285156,75652800,40.06394023895264,38.27227760314941,0.011165781073122716
2019-02-25,41.53787203627776,41.94571198087244,41.48778457748155,41.5545654296875,87493600,40.268381690979005,38.302424926757816,0.007284105256402773
2019-02-26,41.43054355831514,41.809764155796586,41.30174932264914,41.57841491699219,68280800,40.49135265350342,38.33081680297852,0.0005739318185156161
2019-02-27,41.31130406008195,41.738224873214264,41.19681945157351,41.707218170166016,111341600,40.73999938964844,38.35299781799316,0.0030978394301699463
2019-02-28,41.57604632138093,41.71676290033313,41.24213831860219,41.296993255615234,112861600,40.842624473571775,38.39295539855957,-0.009835825369053808
2019-03-01,41.56649542685582,41.77399283512558,41.234974864095655,41.73106384277344,103544800,40.95282249450683,38.44890907287598,0.0105109489320796
2019-03-04,41.902786955948635,42.3941048319121,41.4925596025787,41.940948486328125,109744800,41.072564888000485,38.49894325256348,0.0050294582554963885
2019-03-05,41.962411577028405,41.97672124062049,41.62850365631687,41.8646240234375,78949600,41.13232593536377,38.572054595947264,-0.001819807745060964
2019-03-06,41.65951913111731,41.85509427950601,41.4854121219237,41.62374496459961,83241600,41.14525108337402,38.6596321105957,-0.0057537614264262515
2019-03-07,41.46870577446307,41.60465485527707,41.02747538290695,41.1419563293457,99185600,41.133374786376955,38.7665470123291,-0.01157485074117337
2019-03-08,40.622021328865515,41.27790762437119,40.42644621389484,41.23974609375,95997600,41.16557273864746,38.89394165039062,0.0023768865928852634
2019-03-11,41.85509203085361,42.72085956762917,41.82170159746949,42.66838836669922,128044000,41.26681785583496,39.00079719543457,0.03464236345445726
2019-03-12,42.930745544199205,43.5675511663907,42.780486770223504,43.14778518676758,129870400,41.40371952056885,39.12208557128906,0.011235409595233392
2019-03-13,43.46737169635389,43.71780172616493,43.150160810497724,43.33858108520508,124130000,41.53275012969971,39.246809844970706,0.004421916388329672
2019-03-14,43.8609111740343,43.908614914858006,43.54131649050845,43.82036590576172,94318000,41.69433708190918,39.373997650146485,0.011116764981516924
2019-03-15,44.08749085728255,44.67898009371108,43.82275112158004,44.39038848876953,156171600,41.87703113555908,39.5117310333252,0.01300816575182595
2019-03-18,44.31406458834656,44.931789362919865,44.311677218092875,44.843544006347656,104879200,42.086914443969725,39.73324020385742,0.010208415222425327
2019-03-19,44.92225754761337,45.07490005613711,44.34269057791804,44.48817825317383,126585600,42.27294807434082,39.918811340332034,-0.007924568877150429
2019-03-20,44.41662677956,45.19415263672283,44.05887055501057,44.8769416809082,124140800,42.46530170440674,40.11372520446778,0.008738578269534836
2019-03-21,45.320555849510406,46.825516329115906,45.2704683808724,46.52976989746094,204136800,42.75186424255371,40.328301696777345,0.036830232958051434
2019-03-22,46.589400548765894,47.14988676613712,45.50182218928217,45.566219329833984,169630800,42.96747188568115,40.5114476776123,-0.020708259889321567
2019-03-25,45.6759317859226,45.788029035736734,44.50487908991449,45.01527786254883,175381200,43.140507507324216,40.6812476348877,-0.012091006789418546
2019-03-26,45.71170377934582,46.00267911768265,44.0230940523578,44.55018615722656,199202000,43.28909606933594,40.84891784667969,-0.010331863478492576
2019-03-27,45.01765137448114,45.25853921871362,44.492943053204904,44.950870513916016,119393600,43.45127868652344,41.035478515625,0.008993999604745895
2019-03-28,45.065352975754955,45.21084063526759,44.72667756034346,45.010498046875,83121600,43.63695392608643,41.20864982604981,0.0013265045209864823
2019-03-29,45.27523656677985,45.334862595503004,44.96756422056934,45.303855895996094,94256000,43.815593528747556,41.37880630493164,0.006517542836686374
2019-04-01,45.70692285315882,45.71646141530523,44.92940084366063,45.61152267456055,111448000,43.99912223815918,41.55074661254883,0.00679118305670845
2019-04-02,45.57574022852839,46.3795013903182,45.56620166735509,46.274559020996094,91062800,44.21961898803711,41.73138763427735,0.014536597498976844
2019-04-03,46.09092150507348,46.86605990037226,46.06706963719681,46.59178161621094,93087200,44.468020820617674,41.93509246826172,0.006855226757988442
2019-04-04,46.458222344190496,46.83505934250355,46.06469194760166,46.67287826538086,76457200,44.744566917419434,42.13747428894043,0.00174057841011388
2019-04-05,46.85413922076049,47.009169100776084,46.730116044604905,46.98531723022461,74106400,45.03184547424316,42.351899795532226,0.006694229635190396
2019-04-08,46.846984690122916,47.75568491902388,46.82790392141536,47.72468185424805,103526800,45.2846601486206,42.557078704833984,0.015736078153960387
2019-04-09,47.77715627869409,48.38057152751511,47.51718397190465,47.581581115722656,143072800,45.50634994506836,42.76633041381836,-0.002998463959642983
2019-04-10,47.38599906529268,47.8773206328261,47.26674699962892,47.848697662353516,86781200,45.73185577392578,42.98861869812012,0.005613864448539507
2019-04-11,47.90356523914055,47.93933940985185,47.32876930114629,47.45040512084961,83603200,45.913357734680176,43.15273696899414,-0.008323999627209866
2019-04-12,47.51002317734974,47.73421764754132,46.796898139641456,47.43131637573242,111042800,46.06540412902832,43.31082122802734,-0.00040228834861522067
2019-04-15,47.362151350453125,47.66505261953051,47.22620224726255,47.51717758178711,70146400,46.199085807800294,43.470242767333986,0.0018102218663831326
2019-04-16,47.57203723861774,48.027577378944855,47.35738132962048,47.521949768066406,102785600,46.35077438354492,43.607293701171876,0.00010043076045684884
2019-04-17,47.59110938245884,48.50696794754076,47.36930230294008,48.44734191894531,115627200,46.529294395446776,43.74893569946289,0.01947294156479984
2019-04-18,48.44496176516435,48.69062074842897,48.30186145878901,48.621456146240234,96783200,46.63387870788574,43.893775177001956,0.0035938860709061604
2019-04-22,48.37578991902685,48.879033745551126,48.25892159292873,48.781246185302734,77758000,46.79463005065918,44.05748435974121,0.0032864099870208996
2019-04-23,48.7573982436491,49.54923371338613,48.63099134409102,49.48483657836914,93292000,47.0181079864502,44.23431137084961,0.01442337882049416
2019-04-24,49.45621602782266,49.72333948607253,49.38228033057737,49.40851593017578,70162400,47.261024475097656,44.41428665161133,-0.001542303733235384
2019-04-25,49.32980323611612,49.55161030134446,48.92195962551455,48.960121154785156,74172800,47.461487007141116,44.578329696655274,-0.009075252857711713
2019-04-26,48.8695026000393,48.8933544725691,48.20646130370041,48.726402282714844,74596400,47.64728221893311,44.74108520507812,-0.004773657959943001
2019-04-29,48.75023983540025,49.12469304422843,48.62144921409616,48.80032730102539,88818800,47.82210578918457,44.9023616027832,0.0015171450147628551
2019-04-30,48.43064325999435,48.51173378273669,47.4885527676354,47.860618591308594,186139600,47.93456058502197,45.04665641784668,-0.019256196867701192
2019-05-01,50.05723836052837,51.352313790983374,49.90220852221569,50.20988082885742,259309200,48.13132667541504,45.23550392150879,0.04908549673395668
2019-05-02,50.04770900660693,50.71790507301995,49.63986895589644,49.883140563964844,127985200,48.295894622802734,45.41256935119629,-0.006507489352669205
2019-05-03,50.29813642228416,50.5247146205948,50.14072282120273,50.50325012207031,83569600,48.487413215637204,45.60666397094727,0.012431245328475393
2019-05-06,48.723994998277156,49.80918924773549,48.535578383723276,49.72332763671875,129772400,48.62431373596191,45.77604919433594,-0.015443015716145592
2019-05-07,49.103237220053025,49.47053202213597,47.89879049413808,48.38295364379883,155054800,48.65722732543945,45.912616958618166,-0.026956643021013527
2019-05-08,48.15397485022159,48.97442951122127,48.11820069203762,48.392478942871094,105358000,48.69777221679688,46.048898239135745,0.0001968730380206285
2019-05-09,47.796231701804864,48.10151673222708,46.90422848199932,47.872554779052734,139634400,48.698965072631836,46.17220497131348,-0.010743904325135833
2019-05-10,47.26680187205951,47.609178036306886,46.15348841724261,47.2093391418457,164834800,48.68691177368164,46.29045188903809,-0.013853775723229877
2019-05-13,44.94201315243579,45.365788479732885,43.77841929201786,44.46556091308594,229722400,48.53862400054932,46.345141830444334,-0.058119394989109674
2019-05-14,44.63076331477503,45.4184619831724,44.39134073852921,45.169464111328125,146118800,48.421238327026366,46.409712142944336,0.015830300659381402
2019-05-15,44.597257442752564,45.90929252430421,44.53740178105204,45.7105712890625,106178800,48.33066940307617,46.486631088256836,0.011979490755097855
2019-05-16,45.46875903470102,46.081680470520816,45.21257503042482,45.50946044921875,132125600,48.18377532958984,46.56434539794922,-0.004399657107148625
2019-05-17,44.755267006370964,45.7057750661255,44.714565600818894,45.25087356567383,131516400,48.01524620056152,46.64652374267578,-0.005682046787468753
2019-05-20,43.93883389096766,44.13755507522487,43.1631033991647,43.835880279541016,154449200,47.76797790527344,46.6984464263916,-0.0312699661826239
2019-05-21,44.34585752053852,45.01145210514859,44.22135673647284,44.67626190185547,113459200,47.52754917144775,46.73860389709473,0.019171090370613042
2019-05-22,44.21177717624734,44.46317163112691,43.70659535573083,43.761661529541016,118994400,47.24520645141602,46.7508814239502,-0.020471730027987634
2019-05-23,43.0481788953211,43.22534925933381,42.57172666496303,43.0146598815918,146118800,46.94793338775635,46.74440299987793,-0.01706977344644378
2019-05-24,43.14394936030299,43.608429762680224,42.76566123520502,42.84946060180664,94858800,46.65408630371094,46.724984893798826,-0.003840534372232751
2019-05-28,42.83749298760257,43.23732830832482,42.595677466437365,42.67229080200195,111792800,46.34768447875977,46.69062294006348,-0.004134703151834285
2019-05-29,42.2389483981235,42.94045874410985,42.13839131179818,42.46879577636719,113924800,46.07809333801269,46.64312797546387,-0.004768786062575692
2019-05-30,42.60526082042716,42.91172152723815,42.29880011361617,42.68906021118164,84873600,45.70205230712891,46.607145614624024,0.005186500600919519
2019-05-31,42.19343016976356,42.61481614799857,41.89654857960465,41.91570281982422,108174400,45.303680419921875,46.547920837402344,-0.018116055671678954
2019-06-03,42.042608419661796,42.59806693078556,40.76648557188118,41.49193572998047,161584400,44.853114700317384,46.447164154052736,-0.010109984118966686
2019-06-04,42.004294598391965,43.05535949284863,41.78402628112911,43.00986862182617,123872000,44.517441749572754,46.39603713989258,0.03658380514527071
2019-06-05,44.12079739285381,44.290789049992995,43.36901055867717,43.704200744628906,119093600,44.28350410461426,46.36981559753418,0.01614355367852438
2019-06-06,43.83348393703956,44.40570372515362,43.61081905035835,44.345848083496094,90105200,44.08117256164551,46.36572883605957,0.014681594170236512
2019-06-07,44.654712574082296,45.94998985503987,44.47754216929505,45.52621078491211,122737600,43.96385536193848,46.377235641479494,0.026617208880379994
2019-06-10,45.9236528950948,46.77599685145349,45.87816201203644,46.108009338378906,104883600,43.90878887176514,46.39918586730957,0.012779419666958391
2019-06-11,46.65389004356182,46.92683167348995,46.35221886941992,46.64191818237305,107731600,44.01760673522949,46.42594711303711,0.011579524938408747
2019-06-12,46.436002696576395,46.91963726898695,46.30192665352353,46.493465423583984,73012800,44.08380680084228,46.44358596801758,-0.0031828184726151454
2019-06-13,46.615577503193705,47.11596983908178,46.35221484639415,46.48389434814453,86698400,44.12247295379639,46.44777267456055,-0.00020585850833565456
2019-06-14,45.86139923834012,46.349819729325915,45.56212099174863,46.14631271362305,75046000,44.1543155670166,46.43886329650879,-0.007262335465981873
2019-06-17,46.18462023261922,46.677833880392626,46.00984274939172,46.42164993286133,58676400,44.21285438537598,46.4338387298584,0.005966613647919949
2019-06-18,46.93879971823583,47.95394916644094,46.73768561849317,47.51341247558594,106204000,44.396730995178224,46.44440063476563,0.02351839161907443
2019-06-19,47.8079041979227,47.85579164174734,47.240473790931375,47.374549865722656,84496800,44.53164539337158,46.437397994995116,-0.0029225981176290716
2019-06-20,47.97310938789001,48.03057213210239,47.41286133169161,47.7552375793457,86056000,44.731324195861816,46.44087112426758,0.008035700913297639
2019-06-21,47.59720432994686,48.088021294905,47.441577478312304,47.59241485595703,191202400,44.96021194458008,46.43574546813965,-0.00340952598378641
2019-06-24,47.53495382755675,47.922820862039956,47.44636864871783,47.544532775878906,72881600,45.194965553283694,46.437628021240236,-0.0010060863737014758
2019-06-25,47.50861662405423,47.70733778640023,46.75682993500105,46.82387161254883,84281200,45.40254459381104,46.425479125976565,-0.015157603224901117
2019-06-26,47.350608010173595,48.12154906442843,47.25005095787499,47.83663558959961,104270000,45.670936584472656,46.43186828613281,0.02162922334639572
2019-06-27,47.953948941552476,48.26041321777397,47.7815680377949,47.822269439697266,83598800,45.92759704589844,46.43787467956543,-0.00030031689572806997
2019-06-28,47.568476416564636,47.764804685647896,47.17822009560668,47.38651657104492,124442400,46.201137733459475,46.41665817260742,-0.009111923665643173
2019-07-01,48.64348628342958,48.95952585004053,48.04014034472605,48.25562286376953,109012000,46.53932209014893,46.40934150695801,0.018340793027518565
2019-07-02,48.22210722253035,48.633914390891135,48.210135361751455,48.538143157958984,67740800,46.815735816955566,46.40447944641113,0.005854660605812523
2019-07-03,48.6698275650695,48.94755866772957,48.528569102842056,48.94037628173828,45448000,47.077544593811034,46.39359024047852,0.00828694914163286
2019-07-05,48.68658462459811,49.100784678008225,48.578841537594826,48.897274017333984,69062000,47.30511589050293,46.38336540222168,-0.0008807097059525537
2019-07-08,48.07845500360109,48.21971347045251,47.5038421856941,47.889312744140625,101354400,47.42327098846435,46.36194923400879,-0.02061385411456762
2019-07-09,47.692972424290524,48.2460379441199,47.59959777358294,48.181396484375,82312000,47.52694034576416,46.35104911804199,0.006099142449483397
2019-07-10,48.327459058921235,48.777571116582486,48.25802445075848,48.657859802246094,71588400,47.62773742675781,46.34819976806641,0.009888947864464814
2019-07-11,48.67701126809106,48.93558813067086,48.29393727609442,48.30351257324219,80767200,47.71823978424072,46.357057647705076,-0.00728242529457801
2019-07-12,48.4711108844908,48.842216692964875,48.41125522677883,48.67462158203125,70380800,47.82777614593506,46.326352462768554,0.007682857602257176
2019-07-15,48.86376402908005,49.289936021261454,48.84221686901794,49.131919860839844,67789600,47.9770565032959,46.31132804870605,0.009395004294751708
2019-07-16,48.98348029822733,49.34740375815225,48.722510480064635,48.96193313598633,67467200,48.10407066345215,46.280501708984374,-0.003459802208726659
2019-07-17,48.854183380535474,49.103181282791674,48.66743404051857,48.686588287353516,56430000,48.16272945404053,46.25976692199707,-0.005623651498156135
2019-07-18,48.84221591801951,49.292331625927645,48.77038839924491,49.23965835571289,74162400,48.25598487854004,46.27690101623535,0.011359803342454233
2019-07-19,49.27077499857013,49.44076665116611,48.44955723828679,48.50462341308594,83717200,48.29345417022705,46.27914390563965,-0.01492770192102022
2019-07-22,48.75840736425008,49.61554064622825,48.74883206842125,49.6131477355957,89111600,48.394490814208986,46.313955764770505,0.022853992970301107
2019-07-23,49.91004041383206,50.017779860965895,49.62991273666517,50.00101852416992,73420800,48.51731510162354,46.369789352416994,0.007817903242932855
2019-07-24,49.720889297382925,50.07523371101221,49.60117800125017,49.96031188964844,59966400,48.674137115478516,46.479684371948245,-0.0008141161064910696
2019-07-25,50.0129885793759,50.09678795373076,49.49583486785246,49.565269470214844,55638400,48.76056880950928,46.56760047912598,-0.007907124765476947
2019-07-26,49.67539199151281,50.214092754393484,49.593989197469114,49.73764419555664,70475600,48.856337547302246,46.64814193725586,0.00347773203261581
2019-07-29,49.910029566010394,50.43196900474059,49.9052400917812,50.20212173461914,86693600,48.997117805480954,46.74199516296387,0.009338551243727622
2019-07-30,49.98184764180235,50.317041386472205,49.634685692889065,49.986637115478516,135742800,49.0836685180664,46.83671043395996,-0.0042923408751472936
2019-07-31,51.81584527199262,53.0009865627098,50.590002572472564,51.006595611572266,277125600,49.20709114074707,46.98012474060059,0.020404623214349327
2019-08-01,51.21249694274107,52.20131353212769,49.4982337605151,49.902854919433594,216071600,49.255215072631835,47.08465660095215,-0.021639175853725434
2019-08-02,49.20853077764251,49.42400967424095,48.274784021316925,48.84700393676758,163448400,49.25270156860351,47.18636344909668,-0.021158127813942662
2019-08-05,47.403280006312706,47.56129613952905,46.108002914969816,46.28996276855469,209572000,49.172734069824216,47.25186950683594,-0.05234796327576163
2019-08-06,47.001057560598184,47.422443742301255,46.45756714849681,47.166259765625,143299200,49.12197723388672,47.3382054901123,0.018930604922966054
2019-08-07,46.78556919770773,47.77917148507969,46.40488815632608,47.65467071533203,133457600,49.071817779541014,47.43785308837891,0.010355091799392424
2019-08-08,47.93241159599385,48.72968942224073,47.738479842936414,48.705745697021484,108038000,49.09192943572998,47.562592086791994,0.022056074796279912
2019-08-09,48.378888558753715,48.729771632927324,47.89581833034356,48.304386138916016,98478800,49.07341766357422,47.67489860534668,-0.008240497139745284
2019-08-12,47.97511499324655,48.559124175428295,47.86215856021507,48.181800842285156,89927600,49.02591171264648,47.8002205657959,-0.00253776740435796
2019-08-13,48.311603087933506,50.98409726275787,48.18182158394449,50.22224426269531,188874000,49.088927268981934,47.9748267364502,0.042348840947004085
2019-08-14,48.82590068884438,49.61419017383491,48.68890954638256,48.72736358642578,146189600,49.090966033935544,48.089176635742184,-0.02976531013728345
2019-08-15,48.898010052333305,49.30176654519396,47.98714860628682,48.48463821411133,108909600,49.05321502685547,48.18478538513184,-0.004981294994216956
2019-08-16,49.09507459883136,49.78723269268097,48.98932781591775,49.62861251831055,110481600,49.1094144821167,48.29044067382812,0.023594572349851406
2019-08-19,50.618781114962545,51.12588234715276,50.476985956959155,50.55389404296875,97654400,49.15645179748535,48.39099433898926,0.01864411430637558
2019-08-20,50.68127111152873,51.274892121646914,50.54668562484565,50.556297302246094,107537200,49.18421573638916,48.4799600982666,4.753855905348381e-05
2019-08-21,51.18838108277088,51.346997623585295,50.85431931166854,51.10426330566406,86141600,49.241413307189944,48.56920700073242,0.010838728954812638
2019-08-22,51.23644619968191,51.53686158978541,50.650034771451054,51.061004638671875,89014800,49.31620006561279,48.66055778503418,-0.0008464786339537067
2019-08-23,50.33278606566632,50.96245911325128,48.306786768888905,48.700931549072266,187272000,49.26436443328858,48.704898529052734,-0.04622065520058671
2019-08-26,49.47479876304336,49.794441106144575,49.28253222326784,49.6262092590332,104174400,49.235568809509275,48.774496459960936,0.018999178876662803
2019-08-27,49.95547874357522,50.121308639627706,48.91483930455021,49.06624984741211,103493200,49.18954944610596,48.82738845825195,-0.011283541902188832
2019-08-28,49.0518153700021,49.441152454824554,48.86435650196321,49.39548873901367,63755200,49.10899410247803,48.86502998352051,0.006710088760103705
2019-08-29,50.109277719604904,50.30635193898806,49.66706722800578,50.23184585571289,83962000,49.125443649291995,48.922175903320316,0.016931852240964718
2019-08-30,50.50822538767908,50.57792012503005,49.79684033035191,50.166954040527344,84573600,49.19144115447998,48.97041023254395,-0.001291846120326623
2019-09-03,49.611789494397975,49.74397297835489,49.08065722319765,49.43634796142578,80092000,49.34876041412353,49.00728889465332,-0.014563492902346487
2019-09-04,50.08284558735108,50.344806902391355,49.82569194490394,50.27511215209961,76752400,49.50420303344727,49.061900482177734,0.016966548405402015
2019-09-05,50.95043547788671,51.42389028961686,50.83267135872036,51.258060455322266,95654800,49.68437252044678,49.1505842590332,0.019551389567245447
2019-09-06,51.44311846648742,51.53204022483421,51.07300475059711,51.25325393676758,77449200,49.81174793243408,49.21891662597656,-9.377097986129623e-05
2019-09-09,51.6329803297721,52.017513401260366,50.72693037676321,51.47195816040039,109237600,49.9701265335083,49.29191040039063,0.004267128559342526
2019-09-10,51.39745153948648,52.099221220377856,50.88073870497151,52.079994201660156,127111600,50.16503620147705,49.38577995300293,0.011812957248779288
2019-09-11,52.4092617130592,53.76473561660298,52.32754595134343,53.73589324951172,177158400,50.34071865081787,49.495385360717776,0.03179530015767118
2019-09-12,54.02670011962347,54.4160372602079,53.56045488514693,53.61573028564453,128906800,50.58513698577881,49.596937103271486,-0.0022361769126872932
2019-09-13,52.873108258928575,53.06296917048097,52.156919001140764,52.57269287109375,159053200,50.78953971862793,49.66958343505859,-0.019453944001021073
2019-09-16,52.32754329567108,52.904342934889065,52.286687250476454,52.849063873291016,84632400,50.95056228637695,49.74861923217773,0.0052569306821492745
2019-09-17,52.86349251065767,53.07017842826459,52.661610598516674,53.04133605957031,73274800,51.07493438720703,49.85165969848633,0.003638137976110345
2019-09-18,53.12784858296348,53.558045380154766,52.73851149691622,53.538818359375,101360000,51.224060440063475,49.95880813598633,0.00937914345230606
2019-09-19,53.35616292155293,53.77674437024011,52.96201816775611,53.103816986083984,88242400,51.324038124084474,50.047727279663086,-0.008124971499578248
2019-09-20,53.20476016935374,53.48835049337496,52.2650600947515,52.327545166015625,221652400,51.38736515045166,50.12820793151855,-0.014618004206209623
2019-09-23,52.62075086028852,52.8346464382801,52.308318169456676,52.56547546386719,76662000,51.58059234619141,50.206025009155276,0.004546941712948671
2019-09-24,53.12063572645369,53.47152241710132,52.19776078738406,52.315521240234375,124763200,51.715057945251466,50.26969703674317,-0.004755102496973085
2019-09-25,52.5246205874519,53.233600080826086,52.1857511921416,53.120643615722656,87613600,51.917777633666994,50.35287124633789,0.015389742019221053
2019-09-26,52.873116392383416,53.09902938553613,52.5919279861765,52.8466796875,75334000,52.09033718109131,50.43607307434082,-0.005157390979757759
2019-09-27,53.002880023860584,53.10382280973313,52.21939810228417,52.58951187133789,101408000,52.20822048187256,50.50307014465332,-0.004866300355723885
2019-09-30,53.08939529625113,53.97381992879909,53.062958600700476,53.82721710205078,103909600,52.39123363494873,50.609522018432614,0.023535210475825963
2019-10-01,54.09159276622988,54.84863804778662,53.88250117060058,53.97623062133789,139223200,52.61822776794433,50.69678367614746,0.0027683675157235133
2019-10-02,53.60851764627017,53.73349145834526,52.37561187967944,52.6231575012207,138449200,52.73563003540039,50.74922645568848,-0.02506794388088096
2019-10-03,52.49577750833809,53.10382154299348,51.70268392792921,53.07017517089844,114426000,52.8262357711792,50.811423721313474,0.008494694938580238
2019-10-04,54.22857296123739,54.67318912519149,53.80799149102436,54.55782699584961,138478800,52.9914644241333,50.91127487182617,0.028031786595024144
2019-10-07,54.37999382145774,55.25960730535331,54.2766490193029,54.569854736328125,122306000,53.146359252929685,51.0079190826416,0.0002204585692064942
2019-10-08,54.27183612343445,54.81017807266463,53.91373971335013,53.93056106567383,111820000,53.23888759613037,51.08248786926269,-0.011715143346876178
2019-10-09,54.56264114379883,54.745292369499005,54.22857939735441,54.56264114379883,74770400,53.28022499084473,51.174007949829104,0.011720257783991661
2019-10-10,54.7789313546757,55.3821676863081,54.62752452153625,55.29804992675781,113013600,53.36434097290039,51.259837036132815,0.013478247525093634
2019-10-11,55.985412312624774,57.11257146209531,55.83159977697895,56.768898010253906,166795600,53.5741512298584,51.39715789794922,0.026598552488636296
2019-10-14,56.45404933835654,57.230325218831695,56.3987739424967,56.687171936035156,96427600,53.76605663299561,51.55396125793457,-0.0014396276320880474
2019-10-15,56.812150134970125,57.11496750151027,56.449249695667106,56.554996490478516,87360000,53.94173965454102,51.75926193237305,-0.0023316641321564635
2019-10-16,56.086346932926865,56.535770821642835,56.045490882530835,56.32667922973633,73903200,54.08113269805908,51.94247032165527,-0.004037083810634279
2019-10-17,56.49971591783996,56.75446755281839,56.122396137875576,56.545379638671875,67585200,54.253210830688474,52.12028450012207,0.0038827144068540598
2019-10-18,56.379541483040704,57.09813622863061,56.307441074815046,56.81694793701172,97433600,54.47768096923828,52.282508544921875,0.004802661155963284
2019-10-21,57.083731129906674,57.9176845365252,57.03566540148423,57.80232238769531,87247200,54.739523315429686,52.472467269897464,0.01734296695725357
2019-10-22,57.95852583294162,58.20846975741124,57.58841211724081,57.670127868652344,82293600,55.007253646850586,52.6622338104248,-0.002287010514150367
2019-10-23,58.18445601032442,58.458434707831906,57.97296239569402,58.44401168823242,75828800,55.27342205047607,52.826669158935545,0.01341914520013976
2019-10-24,58.763649338023576,58.83334775862676,58.11475286162288,58.54014205932617,69275200,55.558095169067386,53.022924728393555,0.0016448284146981518
2019-10-25,58.43919912909384,59.297183477090634,58.37190638286585,59.26113510131836,73477200,55.891676330566405,53.2384546661377,0.012316216131855517
2019-10-28,59.46301639925722,59.90282494220439,59.29478452503203,59.854759216308594,96572800,56.1930534362793,53.442977600097656,0.010017089851136252
2019-10-29,59.83553309820382,60.02299199906073,58.297407843177915,58.47044372558594,142839600,56.4177640914917,53.60130859375,-0.023127910108532768
2019-10-30,58.82372855934893,58.953510046434744,57.97055188420088,58.46323013305664,124522000,56.709767723083495,53.75944725036621,-0.00012337160571507244
2019-10-31,59.4197508487146,59.883590362494004,57.02123219032763,59.78505325317383,139162000,57.045511627197264,53.93306304931641,0.022609478078936984
2019-11-01,59.972517565501164,61.508240739941634,59.881193789695324,61.481807708740234,151125200,57.391710662841795,54.141479110717775,0.028380914011753022
2019-11-04,61.84470699366309,61.969684482565675,61.37606341335742,61.88556671142578,103272000,57.75749626159668,54.40517181396484,0.006567129655625781
2019-11-05,61.77741161321152,62.05139394165395,61.60197373719849,61.7966423034668,79897600,58.15080032348633,54.64858047485352,-0.001436916759179785
2019-11-06,61.710117874054276,61.88315741177333,61.373654143589235,61.82307434082031,75864400,58.5138219833374,54.90371696472168,0.0004277261088672102
2019-11-07,62.37026665689407,62.75836715496231,62.218401564449074,62.53659439086914,94940400,58.87574920654297,55.16653907775879,0.011541322680190813
2019-11-08,62.35821361498367,62.780057802220625,61.914675466597124,62.70774459838867,69986400,59.17269153594971,55.4160570526123,0.002736800895325464
2019-11-11,62.264203150895845,63.26940088793377,62.25938472245268,63.20431900024414,81821200,59.498548889160155,55.67680435180664,0.007918868794209999
2019-11-12,63.04762091279184,63.34653263881731,62.89576319221143,63.146453857421875,87388800,59.828121757507326,55.951006469726565,-0.0009155251371673057
2019-11-13,62.946384128313966,63.82622908514769,62.93192148786903,63.751502990722656,102734400,60.19936294555664,56.220534286499024,0.009581680305705165
2019-11-14,63.57794140753723,63.850333385659255,63.180204098443475,63.31037521362305,89182800,60.537612724304196,56.46158058166504,-0.006919488269379381
2019-11-15,63.56107338652864,64.06728791082074,63.39957143680535,64.06246948242188,100206400,60.899888801574704,56.717764892578124,0.011879478936289711
2019-11-18,64.07209319455887,64.46501204164511,63.69364434245913,64.38546752929688,86703200,61.22904605865479,56.976035079956056,0.005041923133538129
2019-11-19,64.57832448794083,64.60243134404664,63.9732843310493,64.19023132324219,76167200,61.555051231384276,57.218239822387694,-0.0030323023742252486
2019-11-20,64.00941756624933,64.1395813002126,62.770397707316036,63.44293975830078,106234400,61.8049976348877,57.41238075256348,-0.011641826949933765
2019-11-21,63.56348075718102,63.640619743137286,62.95843333042811,63.158512115478516,121395200,62.03591613769531,57.60323638916016,-0.0044832040240545545
2019-11-22,63.29830700696368,63.44052784496061,62.87646291995723,63.10305404663086,65325200,62.22801208496094,57.8138436126709,-0.0008780775067381841
2019-11-25,63.327245332981434,64.22637870631682,63.2814445198713,64.20950317382812,84020400,62.445749282836914,58.04105239868164,0.017534002813550664
2019-11-26,64.34690190752454,64.39993403773599,63.27662244789559,63.70811080932617,105207600,62.70763263702393,58.25438789367676,-0.007808694036217423
2019-11-27,64.01907401320656,64.59760910005717,63.95399212630652,64.56385803222656,65235600,63.012664031982425,58.47488868713379,0.013432312024784121
2019-11-29,64.26495496465644,64.6024288680645,64.09621433476273,64.42163848876953,46617600,63.244493293762204,58.7012451171875,-0.002202773312989459
2019-12-02,64.42642756466687,64.66266286761372,63.50560790983031,63.676753997802734,94487200,63.354240608215335,58.92822929382324,-0.011562644298416136
2019-12-03,62.266603688120284,62.56068960514451,61.77967768232319,62.54140853881836,114430400,63.387032699584964,59.12774795532226,-0.017829826234916912
2019-12-04,62.9318971731557,63.47185515815508,62.837882690208936,63.09339904785156,67181600,63.4518705368042,59.34330551147461,0.008826000595918648
2019-12-05,63.58759242350244,64.09380694214096,63.332075950010655,64.01907348632812,74424400,63.56167049407959,59.56127410888672,0.014671494204560265
2019-12-06,64.477092231049,65.32559921087861,64.43369694330708,65.25569152832031,106075600,63.69762535095215,59.809454345703124,0.019316400170275472
2019-12-09,65.08455244908355,65.27739262489872,63.857588991235076,64.34210968017578,128042400,63.779343605041504,60.044506301879885,-0.014000033203970363
2019-12-10,64.74705730032277,65.10140670875774,64.08656483345956,64.71813201904297,90420400,63.855034255981444,60.26232460021973,0.00584410956893211
2019-12-11,64.79768573812183,65.34970112214458,64.72295963208492,65.27014923095703,78756800,63.961219024658206,60.48820297241211,0.008529560336377306
2019-12-12,64.5493861850386,65.70162305327142,64.43850349697,65.43646240234375,137310400,64.04546699523925,60.74446907043457,0.0025480740176986316
2019-12-13,65.43649163345025,66.36213775496515,65.30873335680218,66.32598114013672,133587600,64.19624729156494,61.00958518981933,0.013593625100386086
2019-12-16,66.77191612256408,67.6855122693703,66.7670976938844,67.4613265991211,128186000,64.3661901473999,61.26765518188476,0.01711765795948894
2019-12-17,67.39141065519956,67.92172458582058,67.20579452656094,67.5938949584961,114158400,64.52661151885987,61.528135986328124,0.0019651015783126446
2019-12-18,67.44685857632358,67.95307308973534,67.28294373773436,67.4323959350586,116028400,64.68871974945068,61.79817268371582,-0.0023892545848506197
2019-12-19,67.37452499510937,67.77949354081964,67.2419483714801,67.49987030029297,98369200,64.8915662765503,62.0569172668457,0.0010006223907474965
2019-12-20,68.03263450161938,68.1338730046536,67.14796358631695,67.36009216308594,275978000,65.10164527893066,62.29815811157226,-0.0020707911968599335
2019-12-23,67.62280983552844,68.51953010156122,67.58424035182655,68.45926666259766,98572000,65.369455909729,62.53196548461914,0.016317888889618715
2019-12-24,68.62562177025686,68.67383548324801,68.19895910016623,68.52437591552734,48478800,65.58519954681397,62.76870956420898,0.0009510655913183008
2019-12-26,68.6569481192903,69.90078666508992,68.628022839031,69.8839111328125,93121200,65.89398956298828,63.035287857055664,0.019840169269999652
2019-12-27,70.1755764887449,70.86258124508305,69.45241513604739,69.85738372802734,146266000,66.15866584777832,63.30590194702148,-0.0003795924463178002
2019-12-30,69.7754404953618,70.55404702486167,68.75337459667797,70.27201080322266,144114400,66.45118446350098,63.5804345703125,0.005935336439302663
2019-12-31,69.88874081149524,70.79269274701018,69.78990785044671,70.78546142578125,100805600,66.8066198348999,63.85980484008789,0.007306616342548811
2020-01-02,71.40980029421532,72.46079905454006,71.15669665838297,72.4005355834961,135480400,67.2995761871338,64.1517691040039,0.022816467183847555
2020-01-03,71.62915285765841,72.45596582996416,71.47246932030643,71.69664764404297,146322800,67.72973861694337,64.43229949951171,-0.009722137188355018
2020-01-06,70.8191932093111,72.306490935931,70.56849521434884,72.2679214477539,118387200,68.14218101501464,64.70877769470215,0.007967929080131775
2020-01-07,72.27757077764687,72.53308721808551,71.70868733859578,71.92804718017578,108872000,68.47579879760742,64.97653579711914,-0.004702975549446764
2020-01-08,71.63155918060959,73.38643082203993,71.63155918060959,73.08511352539062,132079200,68.91294898986817,65.25301536560059,0.016086441806441032
2020-01-09,74.06136720541696,74.83032941641996,73.81067654984861,74.63748931884766,170108400,69.4089168548584,65.54866996765136,0.021240656524638357
2020-01-10,74.87134078520153,75.37032411023016,74.30486266425461,74.8062515258789,140644800,69.88572196960449,65.87538612365722,0.002261091692276951
2020-01-13,75.12201817653433,76.4309386915993,75.00389679896787,76.4044189453125,121532000,70.43411979675292,66.23420989990234,0.021364089054518587
2020-01-14,76.34175230410106,76.5514679630278,75.24977872842311,75.37271118164062,161954400,70.88645629882812,66.54596305847168,-0.013503247297912635
2020-01-15,75.17263768221467,76.05248268254357,74.61820946436237,75.04969787597656,121923600,71.2658748626709,66.81732086181641,-0.004285547124417977
2020-01-16,75.5920773695483,76.1007048279931,75.23049658770428,75.98981475830078,108829200,71.68567085266113,67.09940582275391,0.012526591164668144
2020-01-17,76.2380799522902,76.83348311126043,75.9319442855303,76.8310775756836,137816400,72.15560493469238,67.40009452819824,0.011070731256005883
2020-01-21,76.459869381581,76.90099467937888,76.17301471865545,76.31041717529297,110843200,72.59613227844238,67.6898413848877,-0.006776690068907909
2020-01-22,76.79493065234263,77.13481745633268,76.48879491769239,76.58280944824219,101832400,73.0572681427002,67.97076568603515,0.0035695293386157623
2020-01-23,76.63582686293465,77.03115126719418,76.0886300322076,76.95160675048828,104472000,73.48188514709473,68.25564292907715,0.004815666921900386
2020-01-24,77.19747280109205,77.93991520434014,76.53939333547534,76.72982788085938,146537600,73.89215774536133,68.52615310668945,-0.002882056385749232
2020-01-27,74.74116092508633,75.1533609751762,73.49250366771739,74.47359466552734,161940000,74.12164192199707,68.75269592285156,-0.029404903903021307
2020-01-28,75.3534428471521,76.75155238054386,75.25460987556971,76.58040618896484,162234000,74.45779304504394,69.00927398681641,0.02828937602514725
2020-01-29,78.20993039532226,79.02951207503841,77.46989325521864,78.18341064453125,216229200,74.85336303710938,69.30673469543457,0.0209323054726418
2020-01-30,77.26738534868132,78.12312337660362,76.83589699674123,78.0700912475586,126743200,75.21759452819825,69.58688713073731,-0.0014494046248234582
2020-01-31,77.36139664518089,77.78324080814086,74.31448034488959,74.60856628417969,199588400,75.32799606323242,69.79134910583497,-0.04433868217730763
2020-02-03,73.35270289463361,75.56798894697503,72.85131399164085,74.40370178222656,173788400,75.46334877014161,69.99561851501466,-0.002745857642845073
2020-02-04,76.00669078804627,77.05045810466474,75.60172207527795,76.86002349853516,136616400,75.69295387268066,70.26396018981933,0.033013434244146156
2020-02-05,77.98573120045752,78.28464294726993,76.88412080562057,77.48675537109375,118826800,75.97088928222657,70.55052505493164,0.008154198294911152
2020-02-06,77.75674147890366,78.39553270453209,77.19990767879175,78.39311981201172,105425600,76.23628959655761,70.85632637023926,0.011697024047235827
2020-02-07,77.89294126547146,78.14181565091206,76.83703724788526,77.3275375366211,117684000,76.37079200744628,71.11868705749512,-0.013592803525946051
2020-02-10,75.91401971596468,77.6948013305664,75.83428641741939,77.6948013305664,109348800,76.51521949768066,71.39842086791992,0.00474945673488425
2020-02-11,78.19014369789785,78.26262851927434,77.00858949259958,77.2260513305664,94323200,76.55630111694336,71.65166473388672,-0.006033222197269317
2020-02-12,77.67550098211204,79.06485031160207,77.67550098211204,79.06002044677734,113730400,76.7406665802002,71.94443237304688,0.02374806279244579
2020-02-13,78.3327054260137,78.82320573508036,78.12974054369347,78.49700927734375,94747600,76.91303215026855,72.2408374786377,-0.007121313228253046
2020-02-14,78.4655954129786,78.7652165546687,78.00892627887556,78.51634216308594,80113600,77.03935852050782,72.56033615112305,0.0002462881824436547
2020-02-18,76.19915236156656,77.25989377012822,76.0179329078446,77.07867431640625,152531200,77.05173835754394,72.84004165649414,-0.018310428212428898
2020-02-19,77.32029218115534,78.4245243735885,77.32029218115534,78.19497680664062,93984000,77.14596633911133,73.1235597229004,0.014482637384913621
2020-02-20,77.95576899229526,78.44385067885128,76.88777921917897,77.39277648925781,100566000,77.18646469116212,73.36630142211914,-0.010258975066473663
2020-02-21,76.98683382307465,77.42901329626612,75.0248329307541,75.64097595214844,129554000,77.12093315124511,73.5922787475586,-0.022635194349856724
2020-02-24,71.82574289040825,73.49779058260468,69.88548651960743,72.04803466796875,222195200,76.88684349060058,73.73887680053711,-0.0474999329259399
2020-02-25,72.7173054732624,73.09907108734735,69.13640846047264,69.60757446289062,230673600,76.64354248046875,73.82562530517578,-0.03387268252805109
2020-02-26,69.23306562077462,71.9755209333374,69.22581713906433,70.7118148803711,198054800,76.35011291503906,73.93113235473633,0.015863796806612873
2020-02-27,67.92103635676665,69.10500169424336,65.95419815371966,66.08950805664062,320605600,75.74541778564453,73.92640289306641,-0.06536823912029976
2020-02-28,62.160678974985316,67.27106508637516,61.94562839291094,66.05084991455078,426510000,75.14445571899414,73.898193359375,-0.000584936145336612
2020-03-02,68.20616489725688,72.83571844288954,67.10435128397388,72.20024108886719,341397200,75.02403945922852,73.99032028198242,0.0931008636871713
2020-03-03,73.37455265692115,73.45428597286327,69.05669090258408,69.90721893310547,319475600,74.79921531677246,74.03981674194335,-0.03175920358686013
2020-03-04,71.6275782870545,73.3092923901448,70.82779719372856,73.14981842041016,219178400,74.61370506286622,74.1528157043457,0.04638432964137151
2020-03-05,71.40526750546559,72.37901937193944,70.41218881575878,70.77704620361328,187572800,74.2782196044922,74.22115478515624,-0.03243715798664004
2020-03-06,68.13851293457299,70.26965542799252,67.95246362121284,69.83714294433594,226176800,73.8504207611084,74.24871231079102,-0.013279775148759443
2020-03-09,63.72882264119381,67.19373670107173,63.54760324031838,64.31356048583984,286744800,73.19972190856933,74.16449600219727,-0.07909233146749284
2020-03-10,66.96422060751131,69.21133903609883,65.08678222072572,68.94554901123047,285290000,72.76225929260254,74.14572875976563,0.07202195758405372
2020-03-11,67.0246098194062,67.95003374263217,65.68841155580724,66.55101776123047,255598800,72.22850761413574,74.07960144042968,-0.03473075904595313
2020-03-12,61.841735279374994,65.23899494473845,59.92322498627828,59.978797912597656,418474000,71.27444648742676,73.87373718261719,-0.09875461066895186
2020-03-13,64.00430027982446,67.6359379478289,61.119282212065336,67.16476440429688,370732000,70.70783424377441,73.8013232421875,0.11980844468024787
2020-03-16,58.46139441002403,62.60044418179931,57.99022457275424,58.52421951293945,322423600,69.70822811126709,73.52379692077636,-0.1286469917373021
2020-03-17,59.80482274842446,62.245242026979696,57.60361074150865,61.0975227355957,324056000,68.90917053222657,73.31181442260743,0.043969885358100314
2020-03-18,57.93465023452481,60.406482464640554,57.29433930824816,59.60186767578125,300233600,67.9795150756836,73.05849334716797,-0.024479798735654423
2020-03-19,59.77584654451772,61.092707298994306,58.62087474202299,59.14520263671875,271857200,67.06713638305663,72.80283645629883,-0.007661924984408874
2020-03-20,59.725089265820536,60.84865193316744,55.090706190239764,55.390323638916016,401693200,66.05460376739502,72.44894065856934,-0.06348577450762871
2020-03-23,55.1100377172106,55.21152015646839,51.372084613414366,54.21360397338867,336752800,65.16288223266602,72.04046295166016,-0.021244137752259085
2020-03-24,57.110712267138126,59.848334846629584,56.612963377579604,59.652618408203125,287531200,64.66513442993164,71.73739028930665,0.10032563851472132
2020-03-25,60.587692247407915,62.39988643227555,59.02920598580545,59.32398986816406,303602000,64.09574317932129,71.39578170776367,-0.0055090379736603134
2020-03-26,59.56562765348039,62.50379627651141,59.52696661828964,62.44580841064453,252087200,63.91355819702149,71.13724365234376,0.05262320604898796
2020-03-27,61.07096113970106,61.82483295199707,59.69369391072969,59.860416412353516,204216800,63.604036521911624,70.83345802307129,-0.0414021703632923
2020-03-30,60.585287078823825,61.74025873047765,60.26150553022684,61.568702697753906,167976400,63.072459602355956,70.54503578186035,0.028537828297630297
2020-03-31,61.75958725464871,63.424386025978244,60.88973245903772,61.44305419921875,197002000,62.64925136566162,70.23727531433106,-0.0020407852208934596
2020-04-01,59.560797914440066,60.097207829556126,57.7800158056968,58.21010971069336,176218400,61.90226593017578,69.87526916503906,-0.05261692359958403
2020-04-02,58.07237254686632,59.23459262853542,57.241178794751,59.181434631347656,165934000,61.3224853515625,69.52724166870117,0.01668653306928669
2020-04-03,58.66676958439928,59.36748322353769,57.7413419398106,58.330909729003906,129880000,60.7471736907959,69.15482772827148,-0.014371481658763896
2020-04-06,60.62394199347429,63.574192418824516,60.25667324880632,63.4195556640625,201820400,60.70247344970703,68.88862228393555,0.08723755481784234
2020-04-07,65.43228649705053,65.64975569191732,62.58110401279755,62.685001373291016,202887200,60.389446067810056,68.65285041809082,-0.011582457226008702
2020-04-08,63.484794969799864,64.60352421399418,63.1199448269442,64.28941345214844,168895200,60.27636585235596,68.4070305633545,0.02559483199662238
2020-04-09,64.92489377394622,65.25592013573771,63.95839000283478,64.75333404541016,161834800,60.51509265899658,68.13842903137207,0.007216127327200228
2020-04-13,64.83064420547504,66.13301133720609,64.23140932290158,66.02427673339844,131022800,60.45806827545166,67.89751274108886,0.019627447863873604
2020-04-14,67.6552590491188,69.64867293181604,67.1840855454915,69.35871887207031,194994800,60.999793243408206,67.79251579284669,0.0505032740023208
2020-04-15,68.23515430833677,69.18474234820361,67.80747910974512,68.72565460205078,131154400,61.38119983673096,67.67895484924317,-0.009127392782257049
2020-04-16,69.43846626880793,69.63660131632508,68.22308804264783,69.27174377441406,157125200,61.8646936416626,67.52718925476074,0.0079459290060655
2020-04-17,68.78849422470407,69.3345712466482,66.8965588537916,68.33181762695312,215250000,62.32402439117432,67.34409049987794,-0.0135686803341033
2020-04-20,67.15993057649021,68.06119058127958,66.89414057720502,66.91346740722656,130015200,62.90018157958984,67.11449745178223,-0.02075680508705069
2020-04-21,66.75640806793423,66.99078550242736,64.13476539316186,64.84514617919922,180991600,63.43175868988037,66.86484962463379,-0.03091038782133071
2020-04-22,66.11126755910753,67.14784486961675,65.77058148476895,66.71292114257812,116862400,63.78477382659912,66.64521202087403,0.028803620215726244
2020-04-23,66.6573258024501,68.07808706003861,66.41569993888298,66.45436096191406,124814400,64.14129238128662,66.42977821350098,-0.0038757136733897912
2020-04-24,66.97870028455014,68.38254612868516,66.93037215656294,68.37287902832031,126161200,64.43764591217041,66.21603538513183,0.02886970905499764
2020-04-27,68.09017755648323,68.75223755503086,67.64317552817161,68.42121124267578,117087600,64.86568565368653,66.01451942443848,0.0007068916073498244
2020-04-28,68.88271760948632,69.06393705890572,67.22033738750322,67.31214904785156,112004800,65.15285797119141,65.7904355621338,-0.016209332963875833
2020-04-29,68.79815533490073,69.99178804731254,68.59519043374839,69.52303314208984,137280800,65.55685691833496,65.63932273864746,0.032845245999597816
2020-04-30,70.06185003558508,71.16608226501852,69.67283584195576,70.98969268798828,183064000,66.1958360671997,65.49521705627441,0.021096023571079092
2020-05-01,69.16542249456992,72.24615310349837,69.06877359729275,69.84680938720703,240616800,66.72910480499267,65.34429771423339,-0.01609928508641978
2020-05-04,69.87098252239187,70.96312921364829,69.18234705743826,70.83506774902344,133568000,67.35431270599365,65.2481795501709,0.014148940667251253
2020-05-05,71.2941211184745,72.72937922531955,71.14914413694595,71.89818572998047,147751200,67.77824420928955,65.24518257141114,0.015008356944384849
2020-05-06,72.59890448979868,73.27062409174145,72.21472025377234,72.63998413085938,142333600,68.27599334716797,65.3058307647705,0.01031734519233618
2020-05-07,73.26580616038919,73.73697961793019,72.96377378346223,73.39144897460938,115215200,68.73109512329101,65.35942344665527,0.010345057928375256
2020-05-08,74.05048575095834,75.19162283516043,73.72340617059947,75.13832092285156,133838400,69.25034446716309,65.54039970397949,0.023802118266482708
2020-05-11,74.64646215282984,76.81486350373997,74.4380975285037,76.32061767578125,145946400,69.76516151428223,65.7457950592041,0.01573493709213447
2020-05-12,77.00385116379037,77.45449582037008,75.32727766040104,75.44841766357422,162301200,70.06964645385742,65.81075859069824,-0.011428104734584776
2020-05-13,75.62768191190082,76.54835012163572,73.46169865336998,74.53742218017578,200622400,70.36023483276367,65.90336265563965,-0.012074414700922964
2020-05-14,73.77667808210235,75.0559160635201,73.05468108965971,74.99534606933594,158929200,70.64641494750977,65.94027320861817,0.006143543414383723
2020-05-15,72.7687943111998,74.59800522378177,72.73487156458532,74.55197143554688,166348400,70.95742263793946,66.01577171325684,-0.005912028639472489
2020-05-18,75.87484151863012,76.6816307787651,75.18434194281018,76.30851745605469,135178400,71.42717514038085,66.14519920349122,0.023561362452050094
2020-05-19,76.32546668705436,77.17102150533867,75.83606375790906,75.86756134033203,101729600,71.9782958984375,66.37627922058105,-0.00577859628810895
2020-05-20,76.72522208271401,77.41329633678234,76.68645639876391,77.3430404663086,111504800,72.50980186462402,66.54422904968261,0.019448089538000923
2020-05-21,77.20496000564525,77.7452471676142,76.52899661001778,76.76643371582031,102688800,73.02540550231933,66.74853736877441,-0.007455185974224232
2020-05-22,76.5047612593345,77.3430554740474,76.40300778879455,77.26068115234375,81803200,73.46979560852051,67.09417503356934,0.006438327438175406
2020-05-26,78.37757568234818,78.55686050645615,76.68161577577496,76.73734283447266,125522000,73.88560218811035,67.28562660217285,-0.00677366947929392
2020-05-27,76.59440888025136,77.21706291080646,75.85545038481993,77.07169342041016,112945200,74.37357940673829,67.65657608032227,0.004357077969961987
2020-05-28,76.74703662948228,78.36304756047794,76.47084126097369,77.1056137084961,133560800,74.7527084350586,67.97673789978028,0.00044011343958549887
2020-05-29,77.34787320010697,77.80820362136383,76.6743352421508,77.03048706054688,153532400,75.05474815368652,68.32531028747559,-0.0009743343491596113
2020-06-01,76.9844793797038,78.09896899425175,76.85364609349955,77.97782897949219,80791200,75.46129913330078,68.70196281433105,0.012298272477502259
2020-06-02,77.71130947324757,78.36304326033381,77.27035810172477,78.33881378173828,87642800,75.83648643493652,69.1609326171875,0.004629326142704393
2020-06-03,78.65862620653965,79.03173947926652,78.08684155798949,78.77007293701172,104491200,76.18008079528809,69.65206199645996,0.005505050873950923
2020-06-04,78.59322678635277,78.89122650754646,77.71859198536116,78.09170532226562,87560400,76.45266685485839,70.0208437347412,-0.00861199678320157
2020-06-05,78.34122341156335,80.37637351540958,78.31215100053369,80.31580352783203,137250400,76.79888458251953,70.44068000793457,0.02848059465967734
2020-06-08,80.01297837924804,80.82461794300563,79.30309967941871,80.79069519042969,95654400,77.08150329589844,70.80757774353027,0.0059128047250762705
2020-06-09,80.47088393003234,83.7343884798814,80.43938634656227,83.3418960571289,147712400,77.43256721496581,71.27720733642577,0.0315779046174296
2020-06-10,84.28918244457279,85.9536443071339,83.85065638214942,85.48604583740234,166651600,77.93444862365723,71.75555419921875,0.02572715382913393
2020-06-11,84.63083484447448,85.05482488773967,81.28010535582771,81.3818588256836,201662400,78.27667045593262,72.15433029174805,-0.04801002282319933
2020-06-12,83.5187504243347,84.26496946856898,80.97481077374836,82.0844497680664,200146000,78.63112564086914,72.6318170928955,0.008633262406646747
2020-06-15,80.73979728329574,83.75133543445982,80.57746645559173,83.09960174560547,138808800,79.05850715637207,73.11018043518067,0.012367165527787938
2020-06-16,85.15172849785749,85.57330073439438,83.51876362996565,85.30194091796875,165428800,79.50817832946777,73.64960105895996,0.026502403454415457
2020-06-17,86.04575148687181,86.10632149459083,85.062095153019,85.18323516845703,114406400,79.97396202087403,74.08487464904785,-0.001391594941853369
2020-06-18,85.1396240743936,85.63387739334637,84.60903023062069,85.21715545654297,96820400,80.36766777038574,74.5355177307129,0.0003982038017087408
2020-06-19,85.92218445110363,86.38735791979117,83.62294217777347,84.73016357421875,264476000,80.76585426330567,74.9443327331543,-0.0057147164759866476
2020-06-22,85.12264593038505,87.08995815364833,85.07661214341427,86.94701385498047,135445200,81.2501708984375,75.3882063293457,0.026163649251306875
2020-06-23,88.18990371305667,90.22021092110661,87.77075672869731,88.80287170410156,212155600,81.85344734191895,75.84377822875976,0.02134469910854553
2020-06-24,88.43218462838242,89.35042773903359,86.86220783951416,87.23532104492188,192623200,82.36162872314453,76.2013102722168,-0.01765202666421528
2020-06-25,87.39041236684457,88.43221356918069,86.63207466747622,88.39344787597656,137522400,82.92602043151855,76.59466613769531,0.013275893493397195
2020-06-26,88.28927658625297,88.50975232569775,85.52970318400959,85.67749786376953,205256800,83.35837097167969,76.92278121948242,-0.030725693786916586
2020-06-29,85.5854132789762,87.74655421504602,85.10812136493809,87.65206146240234,130646000,83.84208259582519,77.30918609619141,0.023046466667040688
2020-06-30,87.24017383067029,88.66963165860406,87.22079468512266,88.38373565673828,140223200,84.34432868957519,77.73859146118164,0.008347484156431273
2020-07-01,88.46127316123845,89.00397799978875,88.16811642903573,88.21656799316406,110737200,84.81665344238282,78.20601989746093,-0.0018913849061942267
2020-07-02,89.12270022857078,89.75747265090347,88.10270349025298,88.21656799316406,114041600,85.32289657592773,78.63609283447266,0.0
2020-07-06,89.64358330482388,91.04396114826625,89.61208572768216,90.57636260986328,118655600,85.8359245300293,79.11853286743164,0.026750016129420073
2020-07-07,90.95432807349727,91.73204473813118,90.183879512503,90.29532623291016,112424400,86.31115608215332,79.55698181152344,-0.0031027562694654343
2020-07-08,91.27170745727221,92.42980537831811,91.18448282629508,92.39830780029297,117092000,86.76397666931152,80.03652374267578,0.02329003786927264
2020-07-09,93.28991545550893,93.34321735378231,91.74901813164107,92.79566955566406,125642800,87.12945785522462,80.54619415283203,0.004300530657227464
2020-07-10,92.39106579987347,93.01615241811884,91.78052278573126,92.95800018310547,90257200,87.7082649230957,81.01489349365234,0.0017493340822767323
2020-07-13,94.26143682269026,96.86837145256374,92.31592911855529,92.52913665771484,191649200,88.23049926757812,81.44568237304688,-0.004613519272637756
2020-07-14,91.91134148904221,94.25176728421596,90.97856936107081,94.06037139892578,170989200,88.77853775024414,81.92995361328126,0.016548676411791252
2020-07-15,95.93318873658312,96.18273684605151,93.51038868590005,94.7072525024414,153198000,89.24880332946778,82.40739730834962,0.0068772969306287735
2020-07-16,93.58066632878567,94.39714888824498,92.94346863459394,93.54190063476562,110577600,89.6667366027832,82.84027160644531,-0.012304779590620485
2020-07-17,93.99251265271707,94.14756798104436,92.88044113908421,93.35289001464844,92186800,90.07352333068847,83.2545297241211,-0.002020598457317835
2020-07-20,93.44012565034129,95.45831468469305,93.09608481622666,95.3202133178711,90318000,90.6030258178711,83.69310501098633,0.02107404819405123
2020-07-21,96.110052433633,96.18515864106797,93.75509057115264,94.004638671875,103433200,90.95590705871582,84.0704313659668,-0.013801633464761043
2020-07-22,93.70663875417605,94.94953641432485,93.6194214977863,94.26873016357422,89001600,91.22919998168945,84.42939361572266,0.002809345319873424
2020-07-23,94.00220251459487,94.07973387894577,89.16872158432245,89.97793579101562,197004400,91.36633071899413,84.71998397827149,-0.045516624283717944
2020-07-24,88.17780532258647,90.09908386887433,86.39219558540321,89.75504302978516,185438800,91.43441047668458,85.02433639526367,-0.0024771935394046762
2020-07-27,90.81623268150157,91.97433076494785,90.59333922603253,91.88226318359375,121214000,91.74464874267578,85.36207473754882,0.02370028559958115
2020-07-28,91.45342276195278,91.63028980605597,90.3680058085899,90.37285614013672,103625600,91.8806884765625,85.67849243164062,-0.01642762151429622
2020-07-29,90.85499038980474,92.28929109136294,90.81864987240843,92.10515594482422,90329200,92.0667594909668,85.99442520141602,0.01916836402737232
2020-07-30,91.27898520449537,93.32382888856975,90.87195660039106,93.21965026855469,158130000,92.31691360473633,86.34146697998047,0.012100238171228073
2020-07-31,99.70794071825887,103.1289340769956,97.7115479409008,102.97872161865234,374336800,93.05502128601074,86.85418060302734,0.10468899338264981
2020-08-03,104.85878784183842,108.19013805785316,104.56078815454649,105.57351684570312,308151200,93.80487899780273,87.430322265625,0.025197392104552963
2020-08-04,105.76247640960193,107.36879381499179,105.0404794276689,106.27853393554688,173071600,94.60403938293457,88.01067932128906,0.006677972951058653
2020-08-05,105.9999353148589,106.98359161753405,105.5347544170492,106.66378021240234,121776800,95.31731300354004,88.60920806884765,0.0036248738347208764
2020-08-06,106.99569786453769,110.87944616652167,106.40695920907454,110.38519287109375,202428800,96.19678916931153,89.27547805786133,0.034889187794402865
2020-08-07,109.90704232526846,110.363351174005,107.07939259345517,107.87550354003906,198045600,96.9426643371582,89.8908758544922,-0.022735742591721175
2020-08-10,109.31965534861051,110.46042737696229,106.79540187658976,109.44344329833984,212403600,97.78837966918945,90.53913497924805,0.014534715545673649
2020-08-11,108.7080157903305,109.20558233257063,105.9289051039155,106.18861389160156,187902400,98.39479179382325,91.10335067749024,-0.0297398300770354
2020-08-12,107.27842631827305,109.97501457851946,107.08425578636121,109.71773529052734,165598000,99.14531593322754,91.73092910766601,0.03323446148876519
2020-08-13,111.09633433148385,112.66186065911528,110.60847119171306,111.65943908691406,210082000,100.05119285583496,92.38871643066406,0.017697264633153242
2020-08-14,111.48467202679392,111.64971765779467,109.75167067990138,111.5599136352539,165565200,100.96154403686523,93.05808059692383,-0.0008913303924327209
2020-08-17,112.68128278727484,112.70555595050736,110.64246299694389,111.26866912841797,119561600,101.75896682739258,93.67713790893555,-0.002610655542349738
2020-08-18,111.02109807418744,112.62060097941455,110.68614768785797,112.19584655761719,105633600,102.66852722167968,94.30524093627929,0.008332780795006434
2020-08-19,112.60361413274605,113.74923783578949,112.24196843606359,112.33662414550781,145538000,103.57192192077636,94.88513549804688,0.0012547486579044254
2020-08-20,112.37789651709356,114.94341528440668,112.36090456064325,114.82933807373047,126907200,104.8144920349121,95.47200134277344,0.022189681657104776
2020-08-21,115.78804760558032,121.22976157375017,115.77591472831364,120.74675750732422,338054800,106.36407775878907,96.25929931640626,0.05153229595205233
2020-08-24,124.9481694851035,125.03312924913389,120.32684719233184,122.19091033935547,345937600,107.87951011657715,97.06142852783204,0.011960178988190684
2020-08-25,121.06472653687041,121.53316822878249,119.4676456893335,121.18850708007812,211495600,109.42029266357422,97.82320663452148,-0.008203582872845505
2020-08-26,122.50404983764719,123.29287960664668,121.43851930194522,122.8365707397461,163022400,110.95686340332031,98.57389923095702,0.013599174537062053
2020-08-27,123.43849242247208,123.77101327398971,120.22491675397727,121.36811828613281,155552400,112.36428680419922,99.29759689331054,-0.011954521725655254
2020-08-28,122.3414135230096,122.75888676117691,120.94822130817289,121.17152404785156,187630000,113.27392692565918,100.01668426513672,-0.0016198177994138918
2020-08-31,123.86328054092655,127.18364569667007,122.32930807465976,125.2807388305664,225702700,114.25928802490235,100.82769577026367,0.03391238011574482
2020-09-01,128.89233580510103,130.87291336835037,126.72730590113318,130.27096557617188,151948100,115.45890960693359,101.6941748046875,0.03983235405687058
2020-09-02,133.58164753272405,133.96028524180616,123.3001648971193,127.57197570800781,200119000,116.50431938171387,102.46955688476562,-0.020718276372841626
2020-09-03,123.21279665675358,125.08656380077784,116.98953249318684,117.35845947265625,257599600,116.852982711792,103.07201965332031,-0.08006081412996768
2020-09-04,116.57203254505438,120.0962780604988,107.65947073062564,117.43610382080078,332607200,117.33101272583008,103.6528727722168,0.0006615999263575034
2020-09-08,110.63031858211357,115.52349034053138,109.3973204514996,109.53324127197266,231366600,117.33550262451172,104.12998764038086,-0.06729499950787998
2020-09-09,113.8439033465614,115.66913123084257,111.90216871799983,113.90215301513672,176940500,117.72117958068847,104.65498947143554,0.03988662886653738
2020-09-10,116.85355993005454,116.98948072587953,109.22254424615309,110.18370056152344,182274400,117.74447784423828,105.09098876953125,-0.03264602428646912
2020-09-11,111.23226548811466,111.87304145706314,106.7954022543771,108.73713684082031,180860300,117.59836273193359,105.50140014648437,-0.013128654359320646
2020-09-14,111.37789783991316,112.55264638404466,109.51383440164483,111.99925231933594,140150100,117.62032966613769,105.97705383300782,0.030000012629457284
2020-09-15,114.88272413305843,115.36815776085928,110.30022950147779,112.17400360107422,184642000,117.66559638977051,106.40900665283203,0.0015602897172921626
2020-09-16,111.87303669164397,112.62060121644382,108.77596778791039,108.86334228515625,154679000,117.49897117614746,106.78036697387695,-0.029513623563724445
2020-09-17,106.52356291630672,108.9313097079175,105.54298485481058,107.12549591064453,178011000,117.2384147644043,107.07491073608398,-0.015963558880634166
2020-09-18,107.18374764280628,107.64975978247199,102.99930468969426,103.72745513916016,287104900,116.68332061767578,107.29354644775391,-0.03172018708150248
2020-09-21,101.49447874455225,106.97988102839547,100.09642732020315,106.87308502197266,195713800,115.9896369934082,107.57184814453124,0.030325913988657582
2020-09-22,109.39731520243424,109.57207159281869,105.97986595474057,108.55265808105469,183055400,115.30772438049317,107.89231857299805,0.01571558506743509
2020-09-23,108.36822438593991,108.84394734905581,103.65951146024476,103.99932098388672,150718700,114.4482650756836,108.09109756469726,-0.041945883018065344
2020-09-24,102.10611991881453,107.03812795513899,101.94107424298952,105.06726837158203,167743300,113.55979995727539,108.29829788208008,0.01026879192663932
2020-09-25,105.2711347875361,109.16431448128618,104.53327361353669,109.00897216796875,149981400,112.94184265136718,108.60763931274414,0.03751600148627121
2020-09-28,111.65944720543573,111.96041368995603,109.49440992627346,111.61090087890625,137672400,112.46381149291992,108.97279953002929,0.0238689408696402
2020-09-29,111.21284844222973,111.95070223231198,110.26139526105185,110.76624298095703,99382200,111.73808670043945,109.28172012329101,-0.007567879940917566
2020-09-30,110.47497824771594,113.84388857632474,110.30993260341256,112.43612670898438,142675200,110.84634475708008,109.6503498840332,0.015075745850786193
2020-10-01,114.21285493254106,114.2905261121738,112.45558708435615,113.38761901855469,116120400,110.13712692260742,110.03272766113281,0.008462514117308917
2020-10-02,109.60120691204848,112.00896103141628,108.95072761058432,109.7274169921875,144712000,109.75557479858398,110.42771728515625,-0.03228043818230486
2020-10-05,110.59149073201426,113.25166489244758,110.2419779334605,113.10603332519531,106243800,109.53907127380371,110.89473709106446,0.030790994863648002
2020-10-06,112.32933859803765,112.73710847512729,108.97984952644627,109.86334228515625,161498200,109.55557632446289,111.25435867309571,-0.02866947893677685
2020-10-07,111.28082649663705,112.18373349473666,110.80509612706318,111.72742462158203,96849000,109.44683990478515,111.6814500427246,0.016967282240398784
2020-10-08,112.86332203954677,113.00895361392693,111.25167878876417,111.62061309814453,83477200,109.51868553161621,112.07175918579101,-0.0009560009442557416
2020-10-09,111.92157933161523,113.59147224549314,111.57206651675105,113.56234741210938,100506900,109.75994606018067,112.4786131286621,0.017395839890769427
2020-10-12,116.56231148522039,121.53315412296922,115.80503626850115,120.77587890625,240226800,110.19877738952637,112.83455627441407,0.06352045073498913
2020-10-13,121.62055188862823,121.73705863931524,116.1642820228976,117.57203674316406,262330500,110.46867904663085,113.07452667236328,-0.026527169101148607
2020-10-14,117.4749490324475,119.44580856247916,116.13515475963598,117.65941619873047,150712000,110.90848274230957,113.30214431762695,0.0007431993013549132
2020-10-15,115.26138106332213,117.6691281122452,114.70798693128388,117.19340515136719,112559200,111.4118782043457,113.51273681640625,-0.003960677882135499
2020-10-16,117.74676650337912,118.00890478128451,115.34872346310462,115.55260467529297,115393800,112.00313568115234,113.61608505249023,-0.01400079188717962
2020-10-19,116.46525990019522,116.91185804404176,112.29053425617,112.60121154785156,120639300,112.28954200744629,113.71059921264649,-0.02554155430537397
2020-10-20,112.81476779400624,115.51378488263892,112.26137377590751,114.08660888671875,124423700,112.5662395477295,113.80346252441406,0.013191663912389906
2020-10-21,113.27108546353527,115.25165563302974,113.05749347361974,113.46526336669922,89946000,113.03953666687012,113.94899551391602,-0.005446261625994042
2020-10-22,114.02837075211397,114.60118635769001,111.25168945435153,112.37789916992188,101988000,113.4050682067871,114.0021987915039,-0.009583234238510374
2020-10-23,112.99925284491812,113.15459517987493,110.95072209723901,111.68858337402344,82572600,113.53904876708984,114.00278167724609,-0.006133908900149088
2020-10-26,110.6885775032748,113.15458121285103,109.591492767667,111.69828033447266,111850700,113.54341773986816,114.00554901123047,8.6821411430682e-05
2020-10-27,112.12546171107986,113.86331505621116,111.20314074462335,113.203125,92276800,113.6652618408203,114.04423812866212,0.01347240674629191
2020-10-28,111.69827875394513,112.06720563801413,107.86334871753533,107.96043395996094,143937800,113.44147720336915,113.95952987670898,-0.04631224659247757
2020-10-29,109.09636307884779,113.52351567412646,108.93131000553764,111.96041870117188,146129200,113.3701171875,113.95200576782227,0.037050469273719244
2020-10-30,107.82451896896531,108.72742584588708,104.58182577242385,105.68861389160156,190272600,113.16817703247071,113.76919128417968,-0.05601805425817563
2020-11-02,105.9313331743507,107.4555945603439,104.19347979423505,105.60123443603516,122866900,112.79293708801269,113.4662808227539,-0.0008267631899877559
2020-11-03,106.46532742335162,108.24200921576619,105.56242040449504,107.22260284423828,107624400,112.6609001159668,113.16691467285156,0.015353688021376488
2020-11-04,110.81479612438059,112.22255078584597,109.07694271998845,111.6011962890625,138235500,112.65458869934082,112.97516845703124,0.040836477838399166
2020-11-05,114.51380126430563,116.1351553723964,113.46527015302647,115.56233978271484,126387100,112.85167503356934,112.82968383789063,0.03549373685379176
2020-11-06,115.07120982324268,115.92704441463144,112.94133971591968,115.4310531616211,114457900,112.94511032104492,112.71094253540039,-0.0011360675228677675
2020-11-09,117.19134078148167,118.64042665215963,112.86353074963101,113.12611389160156,154515300,112.5626220703125,112.55003433227539,-0.019968103962391015
2020-11-10,112.37726248118744,114.36124218625869,110.99624681601809,112.78572845458984,138023400,112.32330665588378,112.30013412475586,-0.00300890241255769
2020-11-11,113.97223311704505,116.34523125447596,113.24282640096855,116.20907592773438,112295000,112.25078964233398,112.0188963317871,0.030352665359809627
2020-11-12,116.33551348572685,117.22052312713384,115.31434109496367,115.936767578125,103162300,112.18795776367188,111.78619216918945,-0.0023432623264185715
2020-11-13,116.16044760960408,116.38412816982795,114.63355658842221,115.98538970947266,81581900,112.20959701538087,111.75873077392578,0.0004193849144094042
2020-11-16,115.65472831052979,117.66789057082231,114.90587400574458,116.99684143066406,91183000,112.42937850952148,111.74994552612304,0.008720509744589044
2020-11-17,116.26743436443991,117.35667698637204,115.69363055189307,116.11182403564453,74271000,112.53063926696777,111.88151718139649,-0.007564455451936403
2020-11-18,115.35325330709236,116.53002870692607,114.76000185644509,114.78917694091797,76322100,112.59683494567871,111.89925765991211,-0.011391149055763106
2020-11-19,114.36124340716778,115.7908817492475,113.60266161420516,115.38241577148438,74113000,112.74706077575684,112.00323196411132,0.005168072865194828
2020-11-20,115.38239548109874,115.50882328439016,114.06946511493835,114.11808776855469,73604300,112.8685359954834,112.11085098266602,-0.010957718249145487
2020-11-23,113.96248988252185,114.39041080457727,110.6266699980908,110.72392272949219,127959300,112.81981811523437,112.08534439086914,-0.0297425684694812
2020-11-24,110.782277431187,112.66900411514756,109.49851469831438,112.00767517089844,113874200,112.76004562377929,112.08201782226563,0.011594174138343849
2020-11-25,112.37726193090761,113.54430968345936,112.00769112066959,112.84407806396484,76499200,113.0042278289795,112.1616325378418,0.00746737124746355
2020-11-27,113.36926243956174,114.26399962865095,113.02887409805055,113.38871002197266,46691300,113.07564239501953,112.28689682006836,0.004826411517129703
2020-11-30,113.75826127961471,117.64843004399634,113.60265096748358,115.7811508178711,169410200,113.58026924133301,112.52797073364258,0.021099462154872572
2020-12-01,117.68734119570294,120.07979426970195,116.7147989337566,119.35038757324219,127728200,114.26772689819336,112.77751678466797,0.030827442378644765
2020-12-02,118.66960823368215,119.98254627518949,117.57063810536371,119.70050811767578,89004200,114.89162216186523,113.00047378540039,0.0029335518011512907
2020-12-03,120.12842284343223,120.38128592155832,118.85439479194712,119.5643539428711,78967600,115.28978004455567,113.31177444458008,-0.001137456949396043
2020-12-04,119.2337065602768,119.48656968264375,118.18335890113129,118.89331817626953,78260400,115.45632896423339,113.58829544067383,-0.005612339668745969
2020-12-07,118.95164096391939,121.14958854018184,118.89329080292673,120.35210418701172,86712000,115.70238151550294,113.81515808105469,0.012269705590850943
2020-12-08,120.95509315138429,121.54834457068203,119.71023272701726,120.96481323242188,82225500,116.09431648254395,114.002236328125,0.005090970777362536
2020-12-09,121.11068659164964,122.49169482167979,117.67761359703715,118.43619537353516,115089200,116.37683982849121,114.15563537597656,-0.020903747059305866
2020-12-10,117.19132344553715,120.46879300476571,116.85093519336976,119.85608673095703,81312200,116.55919036865234,114.30403457641602,0.011988660670360751
2020-12-11,119.06835963048555,119.38930038520903,117.23998269251022,119.04891204833984,86939800,116.71479759216308,114.41726043701172,-0.006734532259751402
2020-12-14,119.2336797308675,119.9630864267169,118.20278730843776,118.43619537353516,79184500,116.83733787536622,114.59143600463867,-0.005146764168293183
2020-12-15,120.92591997852064,124.38817601169539,120.72168696233577,124.36872100830078,157243700,117.20593185424805,114.81668975830078,0.050090477966259206
2020-12-16,123.91161767905837,124.84524997430788,123.08495079030278,124.30062866210938,98208600,117.6153720855713,115.10543548583985,-0.0005475037906585989
2020-12-17,125.3606965932024,126.02203307421959,124.52430962121518,125.16619110107422,94359800,118.1342227935791,115.37421081542969,0.006963459865659605
2020-12-18,125.41903981189304,125.55519511671491,122.65701629999003,123.18218994140625,192541500,118.52421150207519,115.60544235229492,-0.015850935002614586
2020-12-21,121.58725370394174,124.78691925140207,120.06036235587443,124.70911407470703,121251600,119.05376281738282,115.82837768554687,0.012395656661300603
2020-12-22,127.99630527207523,130.7194269475822,126.09011564727457,128.25889587402344,168904800,119.93051147460938,115.97803802490235,0.028464493759372766
2020-12-23,128.5311834389707,128.7937591538707,127.1890704257709,127.3641357421875,88223700,120.69833450317383,116.17388000488282,-0.006976203293647343
2020-12-24,127.71425848740788,129.79549835924004,127.50029800003861,128.34640502929688,54930100,121.47345085144043,116.38761978149414,0.007712291073035615
2020-12-28,130.3109520335808,133.56895993255333,129.84412103088945,132.9368133544922,124486200,122.4508560180664,116.70248794555664,0.035765772513437266
2020-12-29,134.2594552546887,134.979126993658,130.65131712079605,131.16676330566406,121047300,123.22013664245605,117.01477111816406,-0.013314972761593658
2020-12-30,131.85728434018318,132.2560302372561,129.73713444926724,130.04835510253906,96452100,123.75503501892089,117.36371398925782,-0.008526612801435962
2020-12-31,130.39844854670574,131.040329904096,128.10324856194674,129.04661560058594,99116600,124.2223403930664,117.66291412353516,-0.007702823316475538
2021-01-04,129.85383061033397,129.94135584132596,123.27944367028935,125.85668182373047,143301900,124.53695678710938,117.91074249267578,-0.02471923623885397
2021-01-05,125.35099552083753,128.12274743338224,124.90361946526627,127.41278076171875,97664900,124.96292991638184,118.21144012451173,0.012364055014319364
2021-01-06,124.21309026097016,127.4516575492309,122.9098798620693,123.12384033203125,155088000,125.10151672363281,118.44014526367188,-0.03366177556165628
2021-01-07,124.83551263774474,128.01572966594065,124.34924155623901,127.3252182006836,109578200,125.4195369720459,118.7526840209961,0.034123187331733584
2021-01-08,128.79376556588605,128.98828589154797,126.65417554196101,128.42420959472656,105158200,125.91893768310547,119.05710571289063,0.008631372555834016
2021-01-11,125.64273221772613,126.595819441527,124.97167570919714,125.43849182128906,100384500,126.19805793762207,119.40666687011719,-0.023248870153529833
2021-01-12,124.97166974271053,126.1289973076945,123.376701166046,125.26343536376953,91951100,126.50878410339355,119.67272720336913,-0.0013955561405261108
2021-01-13,125.22450131987915,127.84064164797206,124.96192566718206,127.2960205078125,88636800,126.95177536010742,120.10487533569336,0.01622648411438088
2021-01-14,127.20853432464988,127.40303981441828,125.22453974548624,125.37042999267578,90221800,127.00186080932617,120.50025924682618,-0.015126871267892805
2021-01-15,125.2439937099894,126.64445696844105,123.51286963768597,123.6490249633789,111598500,126.96928062438965,120.82878768920898,-0.013730550572391254
2021-01-19,124.27146116175601,125.17593327026417,123.45452914361996,124.3200912475586,90757300,126.92697563171387,121.0831655883789,0.005427186218236901
2021-01-20,125.12729193961263,128.85213061210496,125.02031169638846,128.40475463867188,104319500,127.18810386657715,121.34001388549805,0.03285601989287068
2021-01-21,130.12616498605254,135.83498363825382,129.9219245699571,133.1118621826172,120150900,127.60824127197266,121.69363006591797,0.03665835861912603
2021-01-22,132.53807846792435,136.01006199526975,131.31268037347158,135.25148010253906,114459400,127.95787048339844,122.13613739013672,0.01607383357755543
2021-01-25,139.14161777095364,141.1061423033731,132.79090363932372,138.9957275390625,157611700,128.5394500732422,122.66033737182617,0.027683596761268525
2021-01-26,139.6570621664172,140.33783872046894,137.48828243304504,139.22914123535156,98390600,129.0835868835449,123.12073867797852,0.0016792868415576034
2021-01-27,139.49169483554834,140.33781648420387,136.5546286191812,138.15931701660156,140843800,129.3447120666504,123.56518966674804,-0.0076839102019711225
2021-01-28,135.68909090953088,138.09127131319642,132.94651480242143,133.3258056640625,142621100,129.45266418457032,123.91199798583985,-0.03498505534706908
2021-01-29,132.1004504499765,132.98546769252428,126.63476631172155,128.3367156982422,177523800,129.36708221435546,124.1387954711914,-0.037420287400259156
2021-02-01,130.07752674070377,131.66277536673383,127.3349504556567,130.45681762695312,106239800,129.43759231567384,124.42569534301758,0.016519839370799705
2021-02-02,132.00313417601586,132.5672103709399,130.9138917801982,131.28346252441406,83305400,129.708931350708,124.7555810546875,0.006336540416191694
2021-02-03,132.03230212283063,132.04203704071995,129.9413426709387,130.2622833251953,89880900,129.85140647888184,125.05317840576171,-0.007778429815780141
2021-02-04,132.55750155942113,133.62728904915303,130.89444790890877,133.61756896972656,84183100,130.3760929107666,125.44316802978516,0.025757921317522747
2021-02-05,133.77829722031976,133.8464691818489,132.32703847356598,133.20362854003906,75693800,130.67001342773438,125.89276214599609,-0.003097949116117271
2021-02-08,132.49259546322395,133.39841892980013,131.41145995524053,133.34971618652344,71297200,130.91628875732422,126.3196029663086,0.00109672422655116
2021-02-09,133.0672978062939,134.29454199245745,132.3173317614118,132.47315979003906,76774200,131.2680221557617,126.71218460083008,-0.006573365295043376
2021-02-10,132.93086817952687,133.4276152710194,130.90495626662582,131.8692169189453,73046600,131.59831123352052,127.08179473876953,-0.004558982906808895
2021-02-11,132.3659937299951,132.84325691578465,130.291393245221,131.61602783203125,64280000,131.81431159973144,127.39849227905273,-0.0019200014440798885
2021-02-12,130.85628214072338,132.00558952807881,130.2134416383095,131.84974670410156,60145100,132.13827743530274,127.64847946166992,0.0017757629972587896
2021-02-16,131.9667102733666,132.47317744238617,129.33690944515848,129.7265167236328,80576300,132.44215202331543,127.84899963378906,-0.016103405835384166
2021-02-17,127.8369410028071,128.78171806051128,126.10322977283343,127.4375991821289,97918500,132.59802742004393,128.00646453857422,-0.017644176374365883
2021-02-18,125.84024303159478,126.61944257367797,124.09679724620429,126.33699035644531,96856700,132.49463920593263,128.15533798217774,-0.008636452920857685
2021-02-19,126.85317101046176,127.31095005461351,125.4506152038684,126.49278259277344,87668800,132.16368522644044,128.27815155029296,0.0012331482322680554
2021-02-22,124.68117557823038,126.34671464924598,122.33384996779367,122.72344970703125,103916400,131.53728370666505,128.31332427978515,-0.02979879806958674
2021-02-23,120.54170772135137,123.41499201171895,115.31134823227501,122.58709716796875,158273000,130.71685218811035,128.39634231567382,-0.0011110552986247635
2021-02-24,121.69099774824254,122.29487019049711,119.05147088701199,122.09033203125,111039900,129.85991172790528,128.4410272216797,-0.004052344399982699
2021-02-25,121.43776543888308,123.17147632846172,117.40542445743719,117.84371948242188,148199500,128.8441318511963,128.41692337036133,-0.03478254566251138
2021-02-26,119.40211317040608,121.6033452358005,118.04825992472897,118.10670471191406,164560400,128.08317680358886,128.4103335571289,0.0022316439997587256
2021-03-01,120.53193824590555,124.60323956834041,119.59690349547498,124.46688079833984,116307900,127.88968505859376,128.41229675292968,0.053851101018689285
2021-03-02,125.07079510617811,125.37273140419673,121.75920814195024,121.86634826660156,102260900,127.46016159057618,128.36361114501952,-0.02089336950567311
2021-03-03,121.56438254510716,122.44098002866822,118.6716145648539,118.88589477539062,112966300,126.840283203125,128.23800521850586,-0.024456739154034013
2021-03-04,118.58394060046568,120.3858306141505,115.53533765690152,117.00606536865234,178155000,126.17747230529785,128.11448272705078,-0.01581204742824882
2021-03-05,117.83397451469976,118.76900926850234,114.51264641529035,118.26252746582031,153766600,125.40972023010254,127.98555099487305,0.010738435594848994
2021-03-08,117.78529688568887,117.85347628547363,113.18803612592406,113.33413696289062,154376600,124.41624565124512,127.68705581665039,-0.04167330606352948
2021-03-09,115.93468039958287,118.88588550494669,115.70092356585985,117.94110870361328,129525800,123.64581527709962,127.49859527587891,0.04064946241423395
2021-03-10,118.52552453136408,118.99303824849771,116.34376908141869,116.85999298095703,111943300,122.8651569366455,127.2688670349121,-0.009166572491472014
2021-03-11,119.35340180320566,120.00597696289303,118.10668883216246,118.78848266601562,103026500,122.21112022399902,126.98590042114257,0.01650256547056994
2021-03-12,117.26907585524096,118.01904922400895,116.0613233493951,117.8826904296875,88105100,121.52445335388184,126.72021896362304,-0.007625253021160683
2021-03-15,118.25281346511821,120.77545858975141,117.28855243734995,120.76571655273438,92403800,120.97025184631347,126.53456619262695,0.024456738411196
2021-03-16,122.43123557963636,123.91171295180644,121.47672411823375,122.30461883544922,115227900,120.59915695190429,126.39972625732422,0.012742873777781494
2021-03-17,120.82414250531377,122.58707194968112,119.15860369194408,121.51567840576172,111932600,120.30306091308594,126.31290618896485,-0.006450618441065981
2021-03-18,119.68456358302885,119.97676520351848,117.1911374972353,117.39567565917969,121229700,119.85599517822266,126.11256408691406,-0.033905112497702894
2021-03-19,116.7820720526636,118.27228410779664,116.56779183514182,116.8697280883789,185549500,119.37484245300293,125.98748184204102,-0.004480127294702929
2021-03-22,117.20089594056832,120.64884136246526,117.13271654370864,120.18132019042969,111912300,119.24773597717285,125.84460388183594,0.02833575602697125
2021-03-23,120.12287382459728,121.0092059173222,118.96381673388366,119.3534164428711,95467100,119.08605194091797,125.66318801879883,-0.006888788925323519
2021-03-24,119.62612052050626,119.7040419397164,116.94763304087101,116.96710968017578,88530500,118.82989082336425,125.49376037597656,-0.019993619234498605
2021-03-25,116.43144110431777,118.49631456122934,115.90548256064227,117.45413208007812,98844700,118.81041145324707,125.33757431030273,0.00416375510375544
2021-03-26,117.22038462310316,118.32100455387739,115.82757043191806,118.05802154541016,94071200,118.80797729492187,125.15281433105469,0.0051414918712293645
2021-03-29,118.4865401362883,119.39235614207378,117.59046616503674,118.2332992553711,80819200,118.49629821777344,125.01007171630859,0.0014846742954566228
2021-03-30,116.98660451621751,117.26906411360106,115.76911009525196,116.78206634521484,85671900,118.2420841217041,124.87273254394532,-0.012274316282266162
2021-03-31,118.48655874928595,120.30792565051348,117.9995609800172,118.97355651855469,118323800,118.2464672088623,124.76580184936523,0.0187656396390663
2021-04-01,120.44427792585978,120.95075227765696,119.3046976300742,119.80143737792969,75089100,118.38623580932617,124.59373550415039,0.006958528294864319
2021-04-05,120.64884289146045,122.87929380413213,119.86964340519192,122.62605285644531,88651200,118.60441207885742,124.38401931762695,0.023577475699268824
2021-04-06,123.21043811923847,123.82405264578033,122.38254338092113,122.927978515625,80171300,119.08410415649413,124.13754928588867,0.00246216568295754
2021-04-07,122.55785759372996,124.59350465582355,121.88579830959569,124.57402801513672,83466700,119.4157501220703,123.84911529541016,0.013390356852752472
2021-04-08,125.59671739753477,126.99927330265552,125.17790646414029,126.97005462646484,88844600,119.9212532043457,123.60393356323242,0.01923375722455556
2021-04-09,126.42462946477704,129.58036563750287,126.1032091394081,129.54141235351562,106686700,120.4588996887207,123.43157546997071,0.020251686388696122
2021-04-12,129.07386893551856,129.395289186928,127.23301830434795,127.82715606689453,91420000,120.95612297058105,123.32160247802734,-0.0132332684620029
2021-04-13,128.99599269074992,131.15826433043802,128.49924537282473,130.93423461914062,91266500,121.46454887390136,123.37355285644531,0.02430687381185348
2021-04-14,131.43099577675665,131.4894331469025,128.23629073814718,128.59666442871094,87222800,121.77915115356446,123.33634979248046,-0.017853009926923846
2021-04-15,130.34013136412574,131.4894393296933,130.16480438344763,131.00244140625,89347100,122.25348930358886,123.33072937011718,0.018707926743097847
2021-04-16,130.80763872455088,131.1680124141945,129.81415884861858,130.67127990722656,84922400,122.91726951599121,123.33890930175781,-0.002527903262477982
2021-04-19,130.0381714732957,131.9472097448359,129.87259397383497,131.33358764648438,94264200,123.64046249389648,123.29322967529296,0.005068502732413993
2021-04-20,131.50891027779352,132.00564275979164,128.38237738217003,129.64857482910156,94812300,124.11382522583008,123.22212860107422,-0.012830021988879392
2021-04-21,128.91808773896722,130.27194133858555,127.88565454440895,130.0284423828125,68847100,124.64757652282715,123.155703125,0.0029299786303988995
2021-04-22,129.58035833012048,130.66149395921403,127.99275572778816,128.50897216796875,84566500,125.2246696472168,123.07641937255859,-0.011685675741391455
2021-04-23,128.72326849315886,131.60628729046172,128.72326849315886,130.8271026611328,78657500,125.89331817626953,123.05557708740234,0.01803866651531627
2021-04-26,131.3237996328013,131.54781441014728,130.0868213316481,131.21665954589844,66905100,126.55125007629394,123.04758972167969,0.0029776466560957893
2021-04-27,131.49912083847275,131.88872793710226,130.62253087504087,130.89524841308594,66015800,127.1843475341797,123.02849975585937,-0.0024494689464341635
2021-04-28,130.81733580986761,131.5088791677975,129.61932548257246,130.1063232421875,107760100,127.85056037902832,123.03609588623047,-0.006027149040648938
2021-04-29,132.92117853809344,133.50558183329358,129.00571212903608,130.00892639160156,151101000,128.40232887268067,123.08752243041992,-0.0007485942893386
2021-04-30,128.35315956120257,130.0868708182536,127.66163089702832,128.04148864746094,109839500,128.81433143615723,123.12161239624024,-0.015133097386055505
2021-05-03,128.60637073689202,130.58359545105438,128.401839986388,129.09336853027344,75135100,129.13769721984863,123.17362411499023,0.008215148807810824
2021-05-04,127.77849424860072,128.0706959218244,123.40524834260499,124.52534484863281,137564700,129.21756553649902,123.20966201782227,-0.03538542477934792
2021-05-05,125.84023086704354,127.05772538948398,124.6422204183204,124.76884460449219,84000900,129.2273063659668,123.25329696655274,0.0019554232606653343
2021-05-06,124.56429033642047,126.37592265450229,123.82405163749547,126.3661880493164,78128300,129.19711303710938,123.33881408691406,0.012802422350609133
2021-05-07,127.6638289569363,128.0638342068742,126.32717811895671,127.03941345214844,78973300,129.072013092041,123.5227279663086,0.0053275754632187144
2021-05-10,126.25887677480436,126.38570115821472,123.7221806852606,123.7612075805664,88071200,128.86871566772462,123.63581802368164,-0.025804636391971614
2021-05-11,120.49278076667929,123.19532812082859,119.78055295740043,122.84410095214844,126142800,128.464208984375,123.60336242675781,-0.007410291531140256
2021-05-12,120.39520469554279,121.60500854306753,119.27320577012671,119.7805404663086,112172300,128.02340278625488,123.56164627075195,-0.024938604801489017
2021-05-13,121.5464913797964,123.07826174075706,121.23428364519357,121.92699432373047,105861300,127.5696304321289,123.62246826171875,0.017919887897196674
2021-05-14,123.17581868284023,124.7758841676664,122.7855571745272,124.34659576416016,81918000,127.25339622497559,123.7692788696289,0.01984467388743605
2021-05-17,123.73192293508849,123.83924502210618,122.12209907344122,123.1953125,74244600,126.84648246765137,123.8679345703125,-0.009258663311890847
2021-05-18,123.47826668103308,123.89779649597985,121.74161080080381,121.80990600585938,63342900,126.45454902648926,124.03744995117188,-0.011245610454055477
2021-05-19,120.16106519010208,121.8782039395482,119.86836719410006,121.65380859375,92612000,126.03581733703614,124.11170394897461,-0.0012814837251566846
2021-05-20,122.18065274217139,124.61001915730156,122.05381347828964,124.20999908447266,76857100,125.82086868286133,124.25870407104492,0.021012005462638594
2021-05-21,124.70757329750661,124.88319058200729,122.16112639405591,122.37577056884766,79295400,125.39830207824707,124.33044982910157,-0.014767156663269776
2021-05-24,122.94164921888921,124.82465387319235,122.87335402183648,124.0051040649414,63092900,125.03772430419922,124.45289810180664,0.013314183751571118
2021-05-25,124.7075784829674,125.19541091008112,123.24410353248182,123.80998229980469,72009500,124.68346099853515,124.51378341674804,-0.001573497854044259
2021-05-26,123.8685296817526,124.28805950176616,123.34167776055286,123.7612075805664,56575900,124.3662052154541,124.5429151916504,-0.00039394819652083246
2021-05-27,123.36117332838509,124.53195020806949,122.03428889481324,122.22941589355469,94625600,123.97722969055175,124.55718994140625,-0.012376993703899886
2021-05-28,122.51236002849775,122.736762785055,121.51720038633076,121.57573699951172,71311100,123.6539421081543,124.64079116821289,-0.005347967093389694
2021-06-01,122.03429950032661,122.29772171588232,120.92205913488071,121.25377655029297,67637100,123.26196250915527,124.72847213745118,-0.002648229467200669
2021-06-02,121.25377238108098,122.19039542274523,121.02937706510446,122.01477813720703,59278900,123.13643417358398,124.76514129638672,0.006276106267077086
2021-06-03,121.64403969713835,121.80989840712398,120.13177925202119,120.53179931640625,76229200,122.9245819091797,124.78870895385742,-0.012154091852161986
2021-06-04,121.04890215666704,123.08801464449839,120.83425795335646,122.8245849609375,75169300,122.74750175476075,124.90585845947265,0.019022246888661165
2021-06-07,123.0977422579531,123.24409122711307,121.79037500565761,122.83432006835938,71057600,122.5372470855713,125.01346221923828,7.926025090965183e-05
2021-06-08,123.51727923465421,125.33199613747028,123.13677635872094,123.65386962890625,74403800,122.53188018798828,125.1253791809082,0.0066719916721220685
2021-06-09,124.11240893326787,124.6392607132743,123.43920819599015,124.03435516357422,56877900,122.59139289855958,125.24140029907227,0.003077020847061407
2021-06-10,123.92705266664278,125.06856875877892,122.87335638380547,123.03921508789062,71186400,122.75432662963867,125.36654327392579,-0.008023100328705124
2021-06-11,123.44899075181716,124.33683580636276,123.02946096276283,124.2490234375,53522400,122.87042808532715,125.4720526123047,0.009832705359386296
2021-06-14,124.70757800792384,127.36133965538929,123.97584053546844,127.30280303955078,96906500,123.01823844909669,125.62207992553711,0.024577896208471284
2021-06-15,126.77595142885431,127.41988394107798,126.23934100200125,126.4832534790039,62746300,123.18263549804688,125.69922393798828,-0.00643779666259392
2021-06-16,127.19545621391383,127.70279826458582,125.33197646072955,126.9808120727539,91815000,123.4411808013916,125.78028060913086,0.003933790284992966
2021-06-17,126.6393832290609,129.3224209462561,126.49302678487064,128.58091735839844,96721700,123.78753623962402,125.86041839599609,0.012601158076763097
2021-06-18,127.52719951288445,128.3077074896389,127.06864288856177,127.28328704833984,108953300,123.94120063781739,125.8666830444336,-0.010091935387594564
2021-06-21,127.1271913132279,129.18581330080102,126.063736441913,129.0784912109375,79663300,124.27633666992188,125.85742462158203,0.014104005358660077
2021-06-22,128.91263161271146,130.8151460223462,128.4150406144124,130.7175750732422,74783600,124.61196022033691,125.91523300170898,0.012698350026621563
2021-06-23,130.51273014944366,131.04934073165782,129.98587070972775,130.44442749023438,60214200,124.9436824798584,125.90543685913086,-0.002089601056742052
2021-06-24,131.1761533209972,131.36152922245495,129.69316099657445,130.16148376464844,68711000,125.2636962890625,125.93673324584961,-0.0021690748392231285
2021-06-25,130.21028847287667,130.6298109330751,129.57610688018707,129.86880493164062,70783700,125.64566574096679,125.91406051635742,-0.0022485824880194016
2021-06-28,130.16148725640332,131.95667992046137,130.10295063063353,131.4981231689453,62111300,126.14178504943848,125.9305973815918,0.012545878420628487
2021-06-29,131.51761747124857,133.16646828417475,131.07857796707717,133.01036071777344,64556100,126.7296142578125,125.96413284301758,0.011500069448787897
2021-06-30,132.8542586809143,134.0640700400228,132.56156070353867,133.62503051757812,63261400,127.31012687683105,126.0436619567871,0.004621217448683712
2021-07-01,133.27382165358517,133.98604212249344,132.45426418125246,133.92750549316406,52485800,127.97991218566895,126.12164321899414,0.002263610151588713
2021-07-02,134.5421050302235,136.59097561940857,134.3957635112395,136.5519561767578,78852600,128.66628074645996,126.28250289916993,0.0195960544021907
2021-07-06,136.65928383502748,139.66427232062847,136.65928383502748,138.56179809570312,108181800,129.45265464782716,126.43719680786133,0.014718514294615348
2021-07-07,140.04479519196917,141.3619286538461,139.1862333107396,141.0497283935547,104911600,130.32244758605958,126.63385818481446,0.01795538403834196
2021-07-08,138.13253828734636,140.55214628534262,137.24469315334258,139.7521209716797,105575500,131.10833587646485,126.81099563598633,-0.009199644952554875
2021-07-09,139.27403406481795,142.10341304013653,139.17646311232951,141.57656860351562,99890800,132.0352035522461,127.0404005432129,0.01305488331161464
2021-07-12,142.64978272453996,142.75710481226085,140.49358983023356,140.98141479492188,76299700,132.8718231201172,127.2598503112793,-0.004203759241124705
2021-07-13,140.52284633857775,143.8693330567253,140.13259235448814,142.09364318847656,100827100,133.6113651275635,127.54089340209961,0.00788918450827425
2021-07-14,144.4937679079545,145.9279745686904,144.0839818158266,145.5181884765625,127050800,134.5631118774414,127.86938980102539,0.02410062273893243
2021-07-15,145.60602078776031,146.34750947636803,143.50836421958925,144.86451721191406,106820300,135.45729713439943,128.276173248291,-0.004492024478120249
2021-07-16,144.84502714125577,146.11336042052585,142.3278479795718,142.82542419433594,93251400,136.16952247619628,128.6373048400879,-0.01407586244597947
2021-07-19,140.24970186714236,140.56191704499963,138.22034787278739,138.98135375976562,121434600,136.7544258117676,128.88960815429687,-0.026914468878733167
2021-07-20,139.96671651936813,143.51808093354776,139.47889165540263,142.59120178222656,96350000,137.43006134033203,129.20064392089844,0.025973613904356485
2021-07-21,141.98635160042446,142.57174758950413,141.10827250404336,141.85951232910156,74993500,137.987158203125,129.56261001586915,-0.005131378682413201
2021-07-22,142.38635852395822,144.59132208932277,142.25951926436974,143.2254180908203,77338200,138.6262077331543,129.97023635864258,0.009628580694327926
2021-07-23,143.95714959308972,145.09865822031367,143.34248537564744,144.9425506591797,71447400,139.36526107788086,130.4734765625,0.01198902116152678
2021-07-26,144.6596219111436,146.18163344756866,144.10349429509156,145.36209106445312,72434100,140.1399253845215,130.94217849731444,0.002894528924497486
2021-07-27,145.48892025406204,145.5767400665626,142.00585756681636,143.19615173339844,104818600,140.72482681274414,131.3191696166992,-0.014900303890746258
2021-07-28,141.28386358886817,143.39127100475073,139.06913408549428,141.44972229003906,118931200,141.14679489135742,131.6842578125,-0.012196064085652658
2021-07-29,141.16677881083731,142.98148812260095,141.0594567321274,142.09364318847656,56699500,141.57022552490236,132.08993255615235,0.004552295246767368
2021-07-30,140.86434605990442,142.76686050541852,140.60091640214495,142.3083038330078,70440600,141.98926544189453,132.5030224609375,0.0015106984360062636
2021-08-02,142.7961201026742,143.37174997131473,141.71314811709883,141.97657775878906,62880000,142.2604965209961,132.85835403442383,-0.0023310380721565105
2021-08-03,142.25949882463198,144.43519376937195,141.64483467000184,143.77175903320312,64786600,142.5209945678711,133.28627380371094,0.012644207254128847
2021-08-04,143.6839649919127,144.191292221281,142.7180662311683,143.3717498779297,56368300,142.63709564208983,133.6736067199707,-0.0027822512429652724
2021-08-05,143.40102641721816,144.24008597517638,142.61075233452527,143.4790802001953,46397700,142.8234436035156,134.06698867797851,0.0007486155561120533
2021-08-06,143.000320280882,143.74291989384258,142.29679858037488,142.7951202392578,54126800,142.88437118530274,134.44766693115236,-0.004766966445444054
2021-08-09,142.8537139522462,143.3422697557146,142.18928521610837,142.74623107910156,48908700,142.9726119995117,134.85800323486328,-0.00034237276507997905
2021-08-10,143.08827226738262,144.3292085832048,141.97436527249621,142.2675018310547,69023100,142.98130493164064,135.27183853149415,-0.0033537084967349973
2021-08-11,142.7072296180266,143.36189295620846,142.19912713557653,142.52157592773438,48493500,142.83147430419922,135.69719451904297,0.001785889914489358
2021-08-12,142.84396383015653,145.6385039280885,142.50196876649986,145.48216247558594,72282600,142.86235656738282,136.16654220581054,0.0207729007245383
2021-08-13,145.56033337689462,146.01957707570978,144.8763581583002,145.68736267089844,59375000,143.00545349121094,136.6696534729004,0.0014104835384676218
2021-08-16,145.1401675406519,147.72952253031957,143.1175540441941,147.66111755371094,103296000,143.4394416809082,137.16638412475587,0.01354787983410155
2021-08-17,146.79147353422863,148.2082823920191,145.67756689112312,146.7523956298828,92229700,143.64750137329102,137.64474563598634,-0.0061541043362182135
2021-08-18,146.37135309386304,147.27029417589944,142.80488601790597,143.0100860595703,86326000,143.70503005981445,138.03186996459962,-0.025500841429197507
2021-08-19,141.71049530140775,144.61251796964282,141.19262734198236,143.34226989746094,86960300,143.71087265014648,138.41802825927735,0.002322800069865405
2021-08-20,144.06536865206095,145.10110479232438,143.4204712746936,144.79820251464844,60549600,143.70365524291992,138.8532080078125,0.010157036150111098
2021-08-23,144.91545125791524,146.7524262457425,144.50506608373868,146.28341674804688,60131800,143.7497215270996,139.29389587402343,0.010257131701950417
2021-08-24,146.02934262692168,147.40707372149436,145.73620613091066,146.19544982910156,48606400,143.89968643188476,139.67174880981446,-0.0006013458046090214
2021-08-25,146.3811034364789,146.87943995254733,144.41711425947602,144.96429443359375,58991300,144.0754150390625,140.04136962890624,-0.008421297632361324
2021-08-26,144.95451308804914,145.7068782917423,144.13372800564036,144.1630401611328,48597200,144.17888488769532,140.38501419067381,-0.005527252594106802
2021-08-27,144.10443150378484,145.34536755607812,143.4693148530707,145.1988067626953,55802400,144.3234100341797,140.71737197875976,0.007184688949434026
2021-08-30,145.58963083933705,149.976867364279,145.2085579053338,149.61532592773438,90956700,144.70534744262696,141.16401275634766,0.030417048621185883
2021-08-31,149.16586282859998,149.30265785841414,147.82720977662575,148.3548583984375,86453100,144.93450241088868,141.54954010009766,-0.008424722009466423
2021-09-01,149.3319699829077,151.43275399237308,148.85317992388826,149.019287109375,80313700,145.21687927246094,141.9155743408203,0.004478644771801488
2021-09-02,150.3482055601146,151.17875665151738,148.9118498525865,150.13323974609375,71115500,145.54958724975586,142.3093505859375,0.007475224572113026
2021-09-03,150.24067718201943,151.09077442910467,149.58601418638187,150.76832580566406,57808700,145.94824752807617,142.72148742675782,0.004230149570104258
2021-09-07,151.42298925392222,153.6605683081019,150.85626272401808,153.10362243652344,82278300,146.46611709594725,143.18618377685547,0.015489305319139168
2021-09-08,153.38699333617137,153.44561765373206,150.4556581818044,151.55979919433594,74420200,146.93073196411132,143.5874172973633,-0.01008351871509483
2021-09-09,151.9310756713578,152.53688004294122,150.42631558063064,150.5435791015625,57305700,147.33183212280272,143.93808166503905,-0.006705076795927911
2021-09-10,151.4523633249062,151.92137292052973,145.2965546078556,145.5603790283203,140893200,147.33574295043945,144.1767886352539,-0.033101379035769596
2021-09-13,147.18237311566395,147.954284971399,145.3453979370689,146.12709045410156,102404300,147.35772933959962,144.42078033447265,0.0038933082584993173
2021-09-14,146.9087364700221,147.61225802171091,143.54747014740659,144.72976684570312,109296300,147.2111618041992,144.58433654785156,-0.00956238575650925
2021-09-15,145.15971382126716,146.0195769004921,143.01983678244974,145.61895751953125,83281300,147.15448989868165,144.7254797363281,0.006143799532103866
2021-09-16,145.04246503666727,145.56033305169905,143.8503875542624,145.3844451904297,68034100,147.2732078552246,144.81217407226563,-0.0016104519157137398
2021-09-17,145.4137565229727,145.4137565229727,142.423782481279,142.7169189453125,129868800,147.2419403076172,144.87147003173828,-0.018348085599000363
2021-09-20,140.50866688674913,141.52485650500037,138.0365754530921,139.66835021972656,123478900,146.9854476928711,144.8333056640625,-0.021360948289208204
2021-09-21,140.6356810985669,141.29035906389458,139.51200859720305,140.14712524414062,75834000,146.6786331176758,144.81661987304688,0.0034279421476723915
2021-09-22,141.14376881169068,143.0784456211062,140.41093510559722,142.51173400878906,76404300,146.49444732666015,144.82498168945312,0.016872331562486353
2021-09-23,143.29341147385273,143.71357721861844,142.30653411634987,143.46929931640625,64838200,146.4196975708008,144.78400390625,0.006719203259137441
2021-09-24,142.3261258424034,144.0946960320379,142.22840868658764,143.55728149414062,53477900,146.38940963745117,144.75785919189454,0.0006132474205533534
2021-09-27,142.14047228283127,142.61926249136263,140.52824357765476,142.04275512695312,74150700,146.23160705566406,144.74220581054686,-0.010549979432769585
2021-09-28,139.9712677848058,141.43693551030117,138.44697573581755,138.6619415283203,108972300,145.68393783569337,144.73581756591796,-0.02380138005357013
2021-09-29,139.2091064976362,141.14378350850296,138.77917495976774,139.5608673095703,74602000,145.24423828125,144.67521087646483,0.006482858752316023
2021-09-30,140.37188712321222,141.07540882378817,138.04635622911155,138.26132202148438,89056700,144.70634002685546,144.6032470703125,-0.009311673917899332
2021-10-01,138.65217582382982,139.64883415934378,135.92604012055145,139.385009765625,94639600,144.16892852783204,144.52643890380858,0.00812727469773522
2021-10-04,138.5153657120816,138.9550779570537,135.10525501528176,135.95533752441406,98322000,143.42827911376952,144.3466946411133,-0.024605746679488005
2021-10-05,136.29730248452776,138.9843593851802,136.1702732054442,137.88021850585938,80861100,142.66710891723633,144.1970571899414,0.014158186184486166
2021-10-06,136.2777712400183,138.89642346342436,135.20294239635672,138.74986267089844,83221100,142.02661209106446,144.1081314086914,0.006307243885040004
2021-10-07,139.78561391612965,140.91906720020722,139.4533994772065,140.01034545898438,61732700,141.49995040893555,144.07934387207033,0.009084569626390815
2021-10-08,140.73339820397527,140.87995899645605,139.2970427994977,139.62925720214844,58773200,141.20339431762696,144.03005615234375,-0.002721857842623354
2021-10-11,139.0137174402137,141.49557516408288,138.56423939549762,139.54135131835938,64452200,140.87410736083984,143.9747171020508,-0.0006295663641738836
2021-10-12,139.95169027343047,139.97123668009885,137.81181348420836,138.27105712890625,73035900,140.551171875,143.90060668945313,-0.009103353073849685
2021-10-13,138.00729369519374,138.16362027198588,136.01397701826,137.68484497070312,78762700,140.1544662475586,143.77886840820312,-0.004239586869265177
2021-10-14,138.8573456179309,140.58683751822448,138.27107262847971,140.46957397460938,69907100,139.9087226867676,143.72082489013673,0.02022538504146043
2021-10-15,140.47935479013262,141.58348088448486,140.22529620330172,141.5248565673828,67940300,139.8491195678711,143.68174041748046,0.007512535013199262
2021-10-18,140.16665727790686,143.4790650348245,139.883301471598,143.19570922851562,85589200,140.02548751831054,143.68975219726562,0.011806072103929477
2021-10-19,143.64518755891186,145.75575243725564,143.1957245202807,145.35513305664062,76378900,140.28588790893554,143.74193023681642,0.015080227192275197
2021-10-20,145.29652399244392,146.32249438069462,144.72979735027167,145.8437042236328,58418800,140.45248641967774,143.81345428466796,0.003361224036042776
2021-10-21,145.40399172614036,146.21499623763387,144.4855043297612,146.05865478515625,61421000,140.58195419311522,143.8841958618164,0.001473841895799799
2021-10-22,146.26387023963363,146.74264548774926,145.23789985010384,145.28675842285156,58883400,140.66842803955078,143.8802877807617,-0.005284838227766153
2021-10-25,145.27696242983234,145.95117189778182,144.24122639888336,145.23788452148438,50720600,140.82818450927735,143.87129821777344,-0.00033639611687763527
2021-10-26,145.912078981119,147.387512149544,145.5993961083312,145.90231323242188,60893400,141.19020309448243,143.83612213134765,0.0045747616961413495
2021-10-27,145.94137570178864,146.3029021893665,145.09129345930518,145.44305419921875,56094900,141.48431243896485,143.80993530273437,-0.003147715913671134
2021-10-28,146.3908846714247,149.66419997930225,146.29316753585874,149.07794189453125,100077900,142.0251434326172,143.9312924194336,0.024991827319121418
2021-10-29,143.85040287273776,146.5081482073945,143.0589446865979,146.37135314941406,124953200,142.37446060180665,143.99187408447267,-0.018155527978995223
2021-11-01,145.57992557122589,146.27366675771924,144.417159879151,145.5506134033203,74588300,142.85422439575194,144.0069223022461,-0.0056072430050977395
2021-11-02,145.25744630214584,148.10084526807523,145.24766564186768,146.58631896972656,69122000,143.2895294189453,144.01298034667968,0.007115776032742049
2021-11-03,146.94780015379607,148.4916381367387,146.39085434317073,148.0226287841797,54511500,143.75316772460937,144.04952392578124,0.009798389266802987
2021-11-04,148.11059575284676,148.94113176601576,147.192108353955,147.50479125976562,60394600,144.12789001464844,144.1003338623047,-0.003498367301455474
2021-11-05,148.6301118041856,148.9334561453401,146.83938576662882,148.033203125,65463900,144.548087310791,144.17773712158203,0.0035823369581522435
2021-11-08,148.1603949099799,148.31696452355757,146.93722280009231,147.21121215820312,55020900,144.93158035278321,144.2179852294922,-0.005552747285369364
2021-11-09,146.97637928946335,148.17997664131613,146.83938459031998,147.5732879638672,56787900,145.39669189453124,144.17714447021484,0.0024595667704641055
2021-11-10,146.8002509889988,146.9078907486886,144.67682566721112,144.7453155517578,65187100,145.74971542358398,144.10495361328125,-0.019163172760654268
2021-11-11,145.76299817171153,146.22289720379737,144.51045604306032,144.69638061523438,41000000,145.96105575561523,144.01849548339842,-0.0003380761328054538
2021-11-12,145.24437287945577,147.17209373098063,144.3147648635999,146.77090454101562,63804000,146.22335815429688,143.95124877929686,0.014337082357973152
2021-11-15,147.14273967083543,148.620341460146,146.22291165316477,146.7806854248047,59222800,146.40260696411133,143.87149597167968,6.664048177440485e-05
2021-11-16,146.72195341819835,148.23868992516853,146.13482479249984,147.7592010498047,59256200,146.52281036376954,143.76460754394532,0.006666514890348418
2021-11-17,147.7592208106454,151.67337235529826,147.7494408070529,150.19578552246094,88807000,146.74041442871095,143.73732727050782,0.016490238545855185
2021-11-18,150.4110299216061,155.26456834184324,149.765191484069,154.4817352294922,137827700,147.16156845092775,143.81609039306642,0.028535752132607728
2021-11-19,154.26649442831288,157.56417731455713,153.17053675502055,157.10426330566406,117305600,147.75244369506837,144.04696807861328,0.016976298669068912
2021-11-22,158.21000213967926,162.14372871908944,157.54460352782965,157.56417846679688,117467900,148.36875839233397,144.2757098388672,0.0029274518173831865
2021-11-23,157.6620164381372,158.32742995233392,155.64623082003743,157.94580078125,96041900,148.9709327697754,144.54003051757812,0.0024220118948772296
2021-11-24,157.29999955243147,158.66016691398406,156.21382166433506,158.46446228027344,69463600,149.62200317382812,144.79694061279298,0.0032837941652008595
2021-11-26,156.1452930856568,157.00639624695634,153.00417999336176,153.44451904296875,76959800,149.84033203125,144.95814208984376,-0.031678668927207165
2021-11-29,155.9495652762871,157.73051124922804,155.38201155737082,156.8009033203125,88748200,150.36180953979493,145.23982177734376,0.021873601600614245
2021-11-30,156.55627065978888,161.9675835913138,156.48776584559891,161.75230407714844,174048100,151.17189407348633,145.68150085449219,0.03157762903139161
2021-12-01,163.88551760970591,166.64500155872992,160.99883389139347,161.2336883544922,152052500,151.9042625427246,146.10323211669922,-0.003206233911876133
2021-12-02,155.33309702351337,160.6759050938818,154.4132690949476,160.24534606933594,136739200,152.51539840698243,146.45790435791017,-0.0061298745643234565
2021-12-03,160.49976670029744,161.4195945786872,156.29205136899398,158.36654663085938,118023100,153.0584861755371,146.75584930419922,-0.011724517962996783
2021-12-06,160.76395823883925,164.27692006238982,160.75417823673777,161.77186584472656,107497000,153.74541931152345,147.12014099121095,0.021502768648512305
2021-12-07,165.45116789916563,167.89751232351225,164.72704457429052,167.50608825683594,120405400,154.7601631164551,147.62940765380858,0.03544635145404862
2021-12-08,168.4357343791699,172.18353634737676,167.03641741062992,171.32241821289062,116998900,155.94761962890624,148.2826171875,0.022783231318751485
2021-12-09,171.15604705270513,172.95655298827864,170.18728927314578,170.8135528564453,108923700,157.25103149414062,148.9076708984375,-0.002970220486924191
2021-12-10,171.4496265464153,175.77476213435622,170.94078267392138,175.59861755371094,115402700,158.79614334106446,149.65441680908202,0.028013378430733038
2021-12-13,177.23278564494396,178.2211185132973,171.76276218304858,171.96826171875,153237000,160.05601119995117,150.30608184814454,-0.020674170933324687
2021-12-14,171.48875398461132,173.92531854630914,168.51400556372403,170.5885009765625,139380400,161.24640197753905,150.9987451171875,-0.00802334528707438
2021-12-15,171.3517820953112,175.6475631254731,168.6118728318842,175.4518585205078,131063300,162.63103485107422,151.75017791748047,0.028509292924811414
2021-12-16,175.43225135839342,177.2523322197485,167.08532532021002,168.5629119873047,150185800,163.5493911743164,152.3464389038086,-0.03926402713139632
2021-12-17,166.2829122189755,169.74694420568176,166.0480727156741,167.46694946289062,195432700,164.19865188598632,152.89557098388673,-0.006501801087160919
2021-12-20,164.66834446331637,166.91898445345717,163.8659512088188,166.10679626464844,107499100,164.64877853393554,153.4251217651367,-0.008121920191443976
2021-12-21,167.8779505711604,169.48275204230814,165.49031583648394,169.2772674560547,91185900,165.23443298339845,154.01984008789063,0.019086944439979048
2021-12-22,169.3261422982902,172.08562553909977,168.45524441835437,171.87034606933594,92135300,165.93066024780273,154.69182586669922,0.015318528307142198
2021-12-23,172.07587897729215,173.05441678226669,171.50832525865067,172.49664306640625,68356600,166.63226928710938,155.38806182861327,0.0036440084714652876
2021-12-27,173.2892490658333,176.54778161213417,173.26968906108772,176.459716796875,74919600,167.78302917480468,156.1078646850586,0.022974787566985233
2021-12-28,176.29338521436063,177.43827272382592,174.69836371754772,175.44204711914062,79144300,168.7150863647461,156.78620849609376,-0.00576715012472695
2021-12-29,175.48120622634931,176.75330850310786,174.31674371757737,175.53013610839844,62348900,169.4039779663086,157.4328970336914,0.0005020973632279269
2021-12-30,175.6181590245021,176.6945564474762,174.26777224500728,174.3754119873047,59773000,170.06106414794922,158.0133026123047,-0.006578494990630235
2021-12-31,174.26780109643352,175.38333364161016,173.45561289396153,173.75897216796875,64062300,170.73674545288085,158.5716079711914,-0.003535130396599806
2022-01-03,174.01337226981713,178.95499096160628,173.895952516217,178.10365295410156,104487900,171.72360076904297,159.2125079345703,0.025004065873115877
2022-01-04,178.7103235661365,179.01366782786695,175.27564709368258,175.84320068359375,99310400,172.42716751098632,159.82363677978515,-0.012691779382483226
2022-01-05,175.75520858897764,176.30318747314612,170.89187359502515,171.16586303710938,94537600,172.61015625,160.34219635009765,-0.02659947969725951
2022-01-06,168.99347567343597,171.53767993498516,167.95622799076347,168.30850219726562,96904000,172.45946044921874,160.79032012939453,-0.016693520478579638
2022-01-07,169.1793866130696,170.40255876885018,167.3593058480161,168.47483825683594,86709100,172.34252471923827,161.25095581054688,0.0009882807903272006
2022-01-10,165.4511773077938,168.79777487885306,164.56070430318124,168.4944305419922,106765600,171.98731536865233,161.6392855834961,0.00011629205499752437
2022-01-11,168.62165897014336,171.42026304461638,167.1538521125257,171.32241821289062,76138300,171.95502319335938,162.13830688476563,0.016783864379384505
2022-01-12,172.34010543507006,173.3773533119361,171.06801799743715,171.7627716064453,74805200,172.01373672485352,162.66255004882814,0.002570319740686111
2022-01-13,172.00737775161056,172.82934594142114,168.10300645305696,168.4944305419922,84505800,171.66586532592774,163.10071228027343,-0.019028227327058778
2022-01-14,167.6626941036259,170.0503291665965,167.41805960834293,169.35557556152344,80440800,171.70549850463868,163.52737121582032,0.005110821863733017
2022-01-18,167.8290534009913,168.8369463848995,165.77413248145763,166.15576171875,90956700,171.63993911743165,163.900390625,-0.018894056674331416
2022-01-19,166.3514456378891,167.40826837840387,162.37858408989868,162.662353515625,94815000,171.46771697998048,164.1929736328125,-0.02102489957006881
2022-01-20,163.3962376065405,166.03828667936338,160.65632878123083,160.979248046875,91420500,171.05281600952148,164.46833435058593,-0.010347234208610723
2022-01-21,160.89120276470334,162.76021377251277,158.81670715554318,158.92434692382812,122848900,170.4055160522461,164.69535552978516,-0.012765006346957986
2022-01-24,156.58560899416545,158.8166737850042,151.37978119467465,158.15126037597656,162294600,169.6882469177246,164.96347442626953,-0.004864494099334538
2022-01-25,155.56793581393717,159.26680751652682,153.65001008067688,156.35076904296875,115798400,168.68279953002929,165.19656219482422,-0.011384615770544393
2022-01-26,159.99095298775666,160.8618511560036,154.43286466260852,156.26272583007812,108275300,167.72383346557618,165.38639862060546,-0.0005631133983512449
2022-01-27,158.96348400735147,160.32365113506773,154.88298262420264,155.8028106689453,121954600,166.73746719360352,165.56684112548828,-0.0029432173199955836
2022-01-28,162.15349217595866,166.69390660020625,159.30594382680772,166.67433166503906,179935700,166.35241317749023,165.94514373779296,0.06977743822089244
2022-01-31,166.5079991576081,171.24411862639118,165.87194061535732,171.02883911132812,115541600,166.2159065246582,166.36180480957032,0.026125843150462957
2022-02-01,170.2753591337895,171.08754730875657,168.61184784118433,170.86248779296875,86213900,165.85384826660157,166.68941986083985,-0.0009726506899289111
2022-02-02,170.9994831805343,172.105235689561,169.6099612749151,172.0660858154297,84914300,165.66499252319335,166.98865631103516,0.007044249665375979
2022-02-03,170.73526997176376,172.45750604377838,168.4259201826274,169.18917846679688,89418100,165.56615829467773,167.22115631103514,-0.016719781443269355
2022-02-04,168.20939100229583,170.5804825811808,167.22960653014735,168.90504455566406,82465400,165.59598541259766,167.44034118652343,-0.0016793858431588538
2022-02-07,169.36554243968104,170.4335039135459,167.4941505320522,168.18980407714844,77251200,165.58173370361328,167.63484802246094,-0.00423457144454864
2022-02-08,168.25837758980256,171.80520742660315,167.96443926792173,171.29571533203125,74829200,165.72179794311523,167.9918719482422,0.018466703566989873
2022-02-09,172.49106914991745,173.07893089654075,171.36430797248656,172.71641540527344,71285000,165.79149780273437,168.3101821899414,0.008293844772990111
2022-02-10,170.61968723864308,171.93259499604034,168.08204874852603,168.64051818847656,90865900,165.63538513183593,168.44794647216796,-0.02359878305274521
2022-02-11,168.84624166520766,169.58107994004882,164.64295836093538,165.2308349609375,98670700,165.4722053527832,168.52788940429687,-0.02021864771388049
2022-02-14,163.98651932384257,166.1518495458794,163.19289630795137,165.46600341796875,86185500,165.27772674560546,168.63230255126953,0.0014232722184503999
2022-02-15,167.5137664381475,169.45373566949445,166.80832036305304,169.29696655273438,62527400,165.43478698730468,168.85091094970704,0.02315256944406019
2022-02-16,168.37596721528965,169.83583650795123,166.612352178537,169.0618133544922,61177400,165.75475997924804,168.99670989990236,-0.001388998297077837
2022-02-17,167.57253401447812,168.43474911832254,165.06428820364812,165.46600341796875,69589300,165.97909774780274,168.955908203125,-0.021269202460189374
2022-02-18,166.38699918366942,167.0924302194162,162.83037691642315,163.91793823242188,82772700,166.22877731323243,168.8078186035156,-0.00935579003281084
2022-02-22,161.64483056360834,163.32026851174712,158.872038841447,160.99818420410156,91162800,166.37112350463866,168.61151123046875,-0.01781229107567439
2022-02-23,162.19354527351996,162.79121451131508,156.52059869701176,156.83413696289062,90009200,166.39529190063476,168.23622161865234,-0.025863939160531535
2022-02-24,149.4955488212337,159.5579417081335,148.92727191069304,159.45016479492188,141147500,166.55466384887694,167.9858596801758,0.016680219515284644
2022-02-25,160.52789462372328,161.78201763247694,157.61793335879435,161.51748657226562,91974200,166.84039764404298,167.80443939208985,0.012965316028382023
2022-02-28,159.76368938483503,162.0759818545117,159.1464202451589,161.78204345703125,95056600,166.59578323364258,167.5310430908203,0.0016379457752846438
2022-03-01,161.37050993245586,163.23210951924372,158.69570233786408,159.9008331298828,83474400,166.0393829345703,167.3578015136719,-0.011628053935714311
2022-03-02,161.06678613054137,163.97674752234462,159.65589394659725,163.1929168701172,79724800,165.65590438842773,167.2723208618164,0.02058828384940492
2022-03-03,165.06432138955572,165.4954290281514,162.20335200198932,162.86959838867188,76678400,165.19608001708986,167.20757690429687,-0.0019812041334038577
2022-03-04,161.16473673176029,162.20330577402447,158.82305268070243,159.8714141845703,83737200,164.7301918029785,167.0194598388672,-0.018408495101379763
2022-03-07,160.05761991470098,161.68406601052743,155.8249430798264,156.07969665527344,96418800,164.08892440795898,166.70364685058593,-0.023717295231524993
2022-03-08,155.60935508972088,159.5872770933945,152.65040221518476,154.2572479248047,131148300,163.3922966003418,166.33885894775392,-0.011676398465163107
2022-03-09,158.2156144765831,160.10660654613918,156.1874681101056,159.65589904785156,91454900,162.8103057861328,166.00278259277343,0.03499771450401168
2022-03-10,156.96149116992498,157.1476526374479,152.82679892923494,155.31546020507812,105342000,161.94025802612305,165.60025085449217,-0.02718621027258461
2022-03-11,155.7171269987306,156.0600575177212,151.37668929729986,151.60203552246094,96970100,161.08833389282228,165.12168884277344,-0.02390891851792465
2022-03-14,148.38835719355112,151.0043799732345,147.06565710961667,147.57513427734375,108732100,160.20554885864257,164.58568328857422,-0.026562316470484126
2022-03-15,147.8494883910694,152.4250955746164,147.34001116939965,151.9547882080078,92964300,159.52998809814454,164.149599609375,0.029677451774722474
2022-03-16,153.8751690879972,156.76553056777536,151.3375306500096,156.3638153076172,102300200,158.88333053588866,163.71480285644532,0.029015387745294108
2022-03-17,155.40362432397723,157.7453087439647,154.44343967423552,157.37298583984375,75615400,158.29888916015625,163.3453985595703,0.0064539902038154295
2022-03-18,157.2652308625226,161.15497717032517,156.53039236533564,160.6650848388672,123511700,158.05884323120117,163.13538299560548,0.020919085835823026
2022-03-21,160.2045664067095,162.9871658912754,159.71467413165345,162.03677368164062,95811400,157.96478500366212,163.00994842529298,0.008537566479668746
2022-03-22,162.16415722656538,165.99511891868582,161.57629538795769,165.40725708007812,81532000,158.18523864746095,162.94859680175782,0.020800731351635182
2022-03-23,164.5940116285297,169.15000379737148,164.2608735199057,166.76913452148438,98062700,158.68198852539064,162.91409088134765,0.0082334805947899
2022-03-24,167.60191066747961,170.6196482982035,166.76910292949728,170.5510711669922,90131400,159.23703384399414,162.89866394042969,0.022677677475267943
2022-03-25,170.3649271443604,171.73661941189775,169.2577659174967,171.1879425048828,80546200,159.720556640625,162.88716735839844,0.003734197232141856
2022-03-28,168.6894722365633,172.17750218202073,168.52291068864233,172.05014038085938,90371900,160.2339614868164,162.95828155517577,0.005036557267764197
2022-03-29,173.11813946075333,175.39123190730578,172.77520887835874,175.34225463867188,100589400,161.00603256225585,163.07801513671876,0.019134621166393195
2022-03-30,174.94056143752658,175.97913082903224,173.12795375967593,174.17633056640625,92633200,161.55520324707032,163.23842651367187,-0.006649418730631962
2022-03-31,174.2448849220912,174.43104638306448,170.87442359799343,171.08018493652344,103049300,161.9657325744629,163.40678314208984,-0.017775926383420848
2022-04-01,170.5119011506989,171.34472398421482,168.46415506398156,170.78623962402344,78751300,162.51147384643554,163.60292297363281,-0.0017181727539578029
2022-04-04,171.0409871856376,174.8817406281064,170.9136104166494,174.83274841308594,76468400,163.44912643432616,163.92109100341796,0.023693412291122984
2022-04-05,173.9117489626708,174.6955795536943,170.8940109049415,171.5210723876953,73401800,164.31231765747071,164.18848724365233,-0.01894196628177447
2022-04-06,168.87569951457075,170.12003032879016,166.6907837158408,168.35641479492188,89058800,164.74734344482422,164.4286001586914,-0.018450546913677424
2022-04-07,167.69991063657648,169.85543344405016,166.41639539463952,168.66009521484375,77594700,165.4145751953125,164.67654754638673,0.001803794766548128
2022-04-08,168.30737316185164,168.30737316185164,165.77952746373003,166.6515350341797,76575500,166.16705017089845,164.8935220336914,-0.011908923554830864
2022-04-11,165.29944535757966,165.61296861541499,162.1543306146452,162.39927673339844,72246700,166.90825729370118,164.8080209350586,-0.025515866384963837
2022-04-12,164.62339868320723,166.4359910689201,163.27129126604743,164.2706756591797,79265200,167.52405166625977,164.67285766601563,0.011523443721078941
2022-04-13,164.00613046155772,167.58233798502656,163.39866884231074,166.9552764892578,70618900,168.0536247253418,164.59471343994142,0.016342544518706426
2022-04-14,167.17083120352376,167.80770011623432,161.70363174912274,161.94857788085938,75329400,168.28240432739258,164.39236328125,-0.029988262208176297
2022-04-18,160.60627109784113,163.23210129361956,160.2633554980497,161.7330322265625,69023900,168.33580169677734,164.2432403564453,-0.001330951201408137
2022-04-19,161.68406811950865,164.42746814637917,160.59650655333354,164.0159454345703,67723800,168.43476028442382,164.14545837402343,0.014115318167100321
2022-04-20,165.34843439183405,165.4660187034269,162.74221886501599,163.849365234375,67929800,168.35686569213868,164.05864959716797,-0.001015634179676539
2022-04-21,165.49540922825548,168.06243992326603,162.55605562621574,163.0557403564453,87227800,168.17119598388672,163.89385009765624,-0.004843624977090788
2022-04-22,163.0949398073809,164.47642463552896,158.23520194954875,158.5193328857422,84882400,167.56960906982422,163.60990844726564,-0.0278212067896928
2022-04-25,157.8628502431654,159.8714111577949,155.25663522524357,159.5872802734375,96046400,166.98957595825195,163.42884368896483,0.006737016667014872
2022-04-26,158.9700254572649,159.05820246882445,153.55181869779824,153.6302032470703,95623200,166.0685791015625,163.1968310546875,-0.037328018975950394
2022-04-27,152.75821530720194,156.55976925790796,152.23893068313222,153.40487670898438,88063200,164.97171020507812,162.9556085205078,-0.0014666812470693902
2022-04-28,156.03070106321982,161.194170207573,155.7171628080034,160.3319549560547,130216800,164.27949142456055,162.77630828857423,0.04515552827053382
2022-04-29,158.5683119363977,162.84017274008735,154.0711048951049,154.4630126953125,131747600,163.4486328125,162.4843322753906,-0.03660494417566851
2022-05-02,153.5420538968097,155.0313157503038,150.17159242252777,154.76678466796875,123055300,162.64766006469728,162.27034790039062,0.001966632447182981
2022-05-03,154.9528969165434,157.46115753940876,153.15990462040372,156.25601196289062,88966500,161.7188232421875,162.117109375,0.009622396033598601
2022-05-04,156.44219580516028,163.1145261346623,156.04048055543203,162.66383361816406,108256500,161.27596130371094,162.15042236328125,0.04100848072837815
2022-05-05,160.5376906280676,160.76303686900772,151.8175999162394,153.60081481933594,130525300,160.53818130493164,162.08575592041015,-0.05571624987089996
2022-05-06,153.0807759379822,156.44638259515347,151.28513392702433,154.32693481445312,116124600,159.8215232849121,161.9832913208008,0.004727318640667555
2022-05-09,152.0210492953049,152.90416000742098,148.6456508199546,149.20494079589844,131577900,158.94919357299804,161.73704040527343,-0.03318924220657171
2022-05-10,152.59997843272657,153.79707304983472,150.05859659800515,151.6089324951172,115366700,158.409676361084,161.53357818603516,0.016112011347581667
2022-05-11,150.61789721596364,152.53128118939546,143.07228159830737,143.74932861328125,142689800,157.38360900878905,161.21054809570313,-0.05184129821697059
2022-05-12,140.08939498593494,143.45498708775622,136.19393338715008,139.88333129882812,182602000,156.03001174926757,160.74435638427735,-0.026894019970371774
2022-05-13,141.87518108716213,145.3192870677171,140.42297369266063,144.34786987304688,113990900,155.14997634887695,160.37392181396484,0.031916158506986925
2022-05-16,142.817149092285,144.75016147394118,141.472862097978,142.8073272705078,86643800,154.2036911010742,160.0326400756836,-0.010672430454941706
2022-05-17,146.0650115425021,146.95792901438662,143.9259353445969,146.43788146972656,78336300,153.32478790283204,159.83980377197267,0.02542274453706206
2022-05-18,144.09275951105042,144.59317839270622,137.27324030149254,138.1759796142578,109742900,152.04111862182617,159.51817840576172,-0.056419157205417125
2022-05-19,137.2536291483144,139.00020681352638,134.03521536260072,134.77113342285156,136095600,150.62688827514648,159.02048309326173,-0.024641375446813996
2022-05-20,136.47844306099526,138.05821430560903,130.12011571020568,135.00660705566406,137426100,149.45125198364258,158.61430603027344,0.0017472111930207923
2022-05-23,135.20285452842407,140.57015125059797,135.0654837610607,140.4229736328125,117726300,148.49303665161133,158.39072479248046,0.04011927042144858
2022-05-24,138.16617251433556,139.30439614103204,134.7515166065387,137.72462463378906,104132700,147.69775772094727,158.19371459960936,-0.019215865675080046
2022-05-25,135.83080735810267,139.1277200199179,135.74250080690908,137.88157653808594,92482700,146.92159271240234,157.91225036621094,0.001139606694984474
2022-05-26,134.81036263839988,141.62986633656274,134.56505664226245,141.08038330078125,90601500,145.95901412963866,157.6065817260742,0.02319966773669524
2022-05-27,142.6601657784012,146.869610416665,142.5326018592053,146.8303680419922,90978500,145.57738189697267,157.39572937011718,0.040756798405856776
2022-05-31,146.27108722583742,147.8312299883083,144.08294665114528,146.04539489746094,103718400,145.14131240844728,157.10333557128905,-0.005346122569867551
2022-06-01,147.08544467274558,148.89090788101987,144.907126593916,145.9178009033203,74286600,144.62440185546876,156.78095611572266,-0.0008736598249483585
2022-06-02,145.05435330119587,148.429766433254,144.1025647736461,148.3708953857422,72348100,143.90975494384764,156.44022888183594,0.01681148199353144
2022-06-03,144.14180991397814,145.19172685572278,141.7476357595722,142.65036010742188,88570300,143.36223220825195,155.9578533935547,-0.03855564302855874
2022-06-06,144.26934578263374,145.78043894130977,142.179334128492,143.39605712890625,71598400,142.8156883239746,155.41475311279297,0.005227445769662609
2022-06-07,141.6396644479589,146.20234922339836,141.39435849288608,145.9178009033203,67808200,142.6513313293457,154.9093502807617,0.017585865503590092
2022-06-08,145.79026939576806,147.05604181726716,144.6913032640919,145.18191528320312,53950200,142.32998046875,154.3719857788086,-0.005043151798900469
2022-06-09,144.3184132523197,145.17207325562853,139.85384150532468,139.96177673339844,69473000,142.14060287475587,153.66437622070313,-0.03595584573754851
2022-06-10,137.6461172993445,138.11710068108783,134.48657445941151,134.55526733398438,91437900,141.87419967651368,152.87195495605468,-0.038628470755358246
2022-06-13,130.37522601482007,132.6614796951245,128.9720829038409,129.40382385253906,122207100,141.1269973754883,152.038427734375,-0.038284963372401726
2022-06-14,130.63035125622758,131.37607607962988,129.0113227305463,130.2672882080078,84784300,140.49999542236327,151.2280487060547,0.006672634005411737
2022-06-15,131.7685967366082,134.76133366612893,129.67859928442957,132.88719177246094,91533000,139.8224609375,150.38913757324218,0.020111753307320956
2022-06-16,129.60008071626916,129.90425779121338,126.61715107258264,127.61800384521484,108123900,139.29456214904786,149.5110762023926,-0.03965158610822617
2022-06-17,127.62782938306579,130.58130861525225,127.37270152778396,129.08984375,134520300,139.01049766540527,148.72574478149414,0.011533168208541555
2022-06-21,130.91494269803155,134.48659850718005,130.8168292526159,133.31893920898438,81000500,138.92611427307128,148.01892166137696,0.03276086898962083
2022-06-22,132.25918724085466,135.17342395812105,131.39572023105475,132.80868530273438,73409200,138.54539985656737,147.34206466674806,-0.003827317478502845
2022-06-23,134.25108671150673,135.9878425646897,133.0834276529192,135.67385864257812,72433800,138.44286155700684,146.80755630493164,0.021573689501651616
2022-06-24,137.27323450557805,139.24550436943025,137.14568556404583,139.0001983642578,89116800,138.49879264831543,146.3021467590332,0.02451717489986538
2022-06-27,140.02066475796738,140.79584011879487,138.32315139441545,139.0001983642578,70207900,138.39478340148926,145.74304519653322,0.0
2022-06-28,139.46137923230657,140.72715167094702,134.74169394010806,134.85943603515625,67083400,137.79623680114747,145.20126235961914,-0.02978961453170348
2022-06-29,134.8790886274478,138.0288100068747,134.1039131048046,136.6158447265625,66242400,137.32475929260255,144.69891860961914,0.013023995524854337
2022-06-30,134.67300165333307,135.77196780465343,131.2583461315228,134.1529541015625,98964500,136.73651695251465,144.101658782959,-0.018027854894353545
2022-07-01,133.48573480288584,136.42940742984914,133.11287978462988,136.32147216796875,71051600,136.13404579162597,143.55110092163085,0.016164519677774214
2022-07-05,135.18323666479031,138.95113328697806,134.35899711370092,138.90206909179688,73353800,135.94663124084474,143.0680274963379,0.018930230746396548
2022-07-06,138.69599756732754,141.41397685924497,138.43106293485934,140.23651123046875,74064300,135.78865394592285,142.70237106323242,0.009607071711724924
2022-07-07,140.59962905400906,143.79842998384117,140.58982220063788,143.60218811035156,66253700,135.67287330627443,142.3826692199707,0.02400000435230143
2022-07-08,142.5326123028861,144.7796239540416,142.2774994180926,144.27919006347656,64547800,135.6277370452881,142.19564895629884,0.004714426444566211
2022-07-11,142.93488446230452,143.886672848055,141.08037188051733,142.14990234375,63141600,135.73714332580568,141.97054946899414,-0.014758106964627205
2022-07-12,143.02322474684678,145.66272006961017,142.32656399441228,143.12135314941406,77588800,136.16544761657715,141.62633743286133,0.006833988554665993
2022-07-13,140.30522551606126,143.700252180436,139.4515504526769,142.75828552246094,71185600,136.83317070007325,141.3922428894043,-0.002536781681864664
2022-07-14,141.37475454509644,146.15331059436355,140.56033683517074,145.6823272705078,78140700,137.60392265319825,141.21055374145507,0.02048246613039373
2022-07-15,146.96774129904725,148.02746510063992,145.4174054581408,147.3504180908203,76259900,138.32708396911622,141.03244186401366,0.011450193386979057
2022-07-18,147.9097302753274,148.7241480973096,143.9455764182645,144.3086395263672,81420900,139.16161575317383,140.66533798217773,-0.020643162088473388
2022-07-19,145.1426536934173,148.39050276940443,144.1516228338136,148.16482543945312,82982400,140.1153648376465,140.55661819458007,0.026721795214356137
2022-07-20,148.28258588894056,150.83377461851506,147.5466677906739,150.16653442382812,64823400,140.95774459838867,140.47341018676758,0.013510014798977954
2022-07-21,151.5991200487024,152.64903699884627,149.08718880462706,152.43316650390625,65086600,141.93896865844727,140.53797470092775,0.015094122593791948
2022-07-22,152.47237132541127,153.3456599408362,150.52955232175682,151.19677734375,66675400,142.71511459350586,140.5297315979004,-0.008111024578922987
2022-07-25,151.1183116577891,152.12897123891142,149.42079823109208,150.07821655273438,53623900,143.26901550292968,140.65630935668946,-0.007398046510426304
2022-07-26,149.4011670445513,150.21558479499407,147.96858832963514,148.75357055664062,55138700,143.75668411254884,140.8337141418457,-0.008826370851950371
2022-07-27,149.71517016840275,154.37598449377768,149.3030578563077,153.8461151123047,78620700,144.70601806640624,141.02367904663086,0.03423477188888713
2022-07-28,154.0325515340952,154.68016301876492,151.51081343985047,154.39561462402344,81378700,145.5950065612793,141.25544479370117,0.003571747725430896
2022-07-29,158.21256599444197,160.5576907977121,156.5052308137223,159.45870971679688,101786900,146.86029434204102,141.51586135864258,0.032792998072534774
2022-08-01,157.98691167692704,160.51847204780725,157.86916955763294,158.47752380371094,67829400,147.9680969238281,141.92189224243165,-0.0061532287250319895
2022-08-02,157.09396729027588,159.36059231885778,156.63279081571793,157.00564575195312,59907000,148.87327575683594,142.36658248901367,-0.009287613892685953
2022-08-03,157.82007379818262,163.4621121282082,157.73176722636683,163.01075744628906,82507500,150.01198806762696,142.92666549682616,0.03824774367555661
2022-08-04,162.89300390623217,164.05085610462757,161.3426680652943,162.69676208496094,55474100,150.96671676635742,143.37214126586915,-0.0019262247856960402
2022-08-05,160.3680286094797,162.96205765324038,160.16167874542583,162.47076416015625,56697000,151.8762954711914,143.8670640563965,-0.0013890745083584566
2022-08-08,163.47301089783898,164.88793871959618,161.3407986917232,161.99913024902344,60276900,152.86875686645507,144.34941513061523,-0.002902884796355698
2022-08-09,161.16392597706255,162.93258559805665,160.40732977942574,162.04824829101562,63135500,153.81510162353516,144.76877243041992,0.0003031994179023556
2022-08-10,164.7601663481459,166.39126422179922,163.99374975557845,166.2930145263672,70170500,154.99183807373046,145.15802536010742,0.026194459243573887
2022-08-11,167.09879132635524,168.01260529802178,165.2613579007752,165.55613708496094,57149200,155.98552856445312,145.54824020385743,-0.004431199010403453
2022-08-12,166.86294364369544,169.1720142653812,166.45024387983412,169.10324096679688,68039400,157.07316970825195,146.01194900512695,0.021425384430270977
2022-08-15,168.53332166791955,170.370754508125,168.36628368181792,170.1742401123047,54091700,158.36644973754883,146.4480158996582,0.006333404016296118
2022-08-16,169.7713668198312,170.68518045173758,168.67087426733767,170.0170135498047,56377100,159.4590591430664,146.99534896850585,-0.0009239151730381367
2022-08-17,169.76158567645695,173.08272003979997,169.56507124556938,171.51058959960938,79542000,160.52626190185546,147.55763961791993,0.008784862283016004
2022-08-18,170.72447915963892,171.85444813238172,170.10544459568962,171.1175079345703,62290100,161.46047897338866,148.06163375854493,-0.002291879853930312
2022-08-19,170.0170261568602,170.71466951867444,168.3269753298755,168.5333251953125,70346300,162.3273063659668,148.52866195678712,-0.0151018020917294
2022-08-22,166.73517911017834,166.9022170896685,164.22957943165187,164.652099609375,69026800,163.05600051879884,149.02246841430664,-0.023029425079221344
2022-08-23,164.17064162540487,165.7722632709113,163.74812140904885,164.31802368164062,54147100,163.83422317504883,149.61772354125978,-0.002028980672138081
2022-08-24,164.40644286266408,165.18267989573337,163.35506771138927,164.61277770996094,53841500,164.37255630493163,150.32190261840822,0.0017938021752950117
2022-08-25,165.841056236527,167.17737534622174,165.41855096314578,167.0692901611328,51218200,165.0062400817871,151.0579426574707,0.014922975514696235
2022-08-26,167.59989722186273,168.07153485537452,160.71195171096292,160.77090454101562,78961000,165.07184982299805,151.6156169128418,-0.037699242117103626
2022-08-29,158.34389469961232,160.06342201093398,157.03706713692557,158.5699005126953,73314000,165.07646865844725,152.2346548461914,-0.01369031314841418
2022-08-30,159.30682979347176,159.72933499269527,154.9736176696823,156.1428985595703,77906200,165.03333129882813,152.77571594238282,-0.015305565213056926
2022-08-31,157.51850501455607,157.78380767810359,154.4037063115704,154.48231506347656,87991100,164.6069091796875,153.19898345947266,-0.010635024143990868
2022-09-01,153.91245042285962,155.66145434866903,151.97675253984187,155.20947265625,74229900,164.23254470825196,153.64699920654297,0.004707060432610932
2022-09-02,156.9682575855211,157.56763619543025,152.27149339367668,153.09686279296875,76957800,163.76384963989258,153.99545928955078,-0.013611346183490691
2022-09-06,153.7453935980758,154.35459275815265,151.0138028574181,151.83917236328125,73714800,163.25585174560547,154.25223876953126,-0.008214998052496147
2022-09-07,152.1241142058328,153.94189101263512,150.9351774352468,153.2442626953125,87449600,162.8156524658203,154.53712005615233,0.009253806578117585
2022-09-08,151.9472900248741,153.63734127524165,150.0214124396559,151.7704315185547,84923800,162.0895233154297,154.8753399658203,-0.009617529236237377
2022-09-09,152.76280561990976,155.07189112050955,152.0553417641127,154.6297149658203,68028800,161.54320220947267,155.23561737060547,0.018839529008758626
2022-09-12,156.81106723949068,161.39974706706778,156.52612358553827,160.58419799804688,104956000,161.11725006103515,155.76424224853517,0.03850801272926585
2022-09-13,157.1156691952697,157.7445243311509,150.69937671737435,151.16119384765625,122656600,160.16659774780274,156.0610366821289,-0.05867952306555868
2022-09-14,152.09465656902455,154.36444545311878,150.93521094229624,152.60560607910156,87965400,159.29602737426757,156.335107421875,0.009555443395750318
2022-09-15,151.95709434204855,152.53683214610933,148.7440452074938,149.716796875,90481100,158.20633773803712,156.52471313476562,-0.018929902238350116
2022-09-16,148.57699569456918,148.71455728301882,145.78643705402317,148.07586669921875,162278800,157.05425567626952,156.61418670654297,-0.01096022764333704
2022-09-19,146.71008070263835,151.86866309017464,146.50374580326707,151.79005432128906,81474200,156.21709213256835,156.76440399169923,0.02508300444133016
2022-09-20,150.72883799724963,155.32735289857166,150.41441795742156,154.1678924560547,107689800,155.69288177490233,157.0047637939453,0.01566530920222564
2022-09-21,154.60021842835445,155.97584907691603,150.92535303740462,151.0432586669922,101696800,155.0291435241699,157.16320190429687,-0.020267733697878598
2022-09-22,149.72662084225365,151.7802241971407,148.28221666613402,150.08035278320312,86652500,154.30252227783203,157.3096432495117,-0.0063750338299572995
2022-09-23,148.55735322020942,148.83247642204518,145.97314422465584,147.81057739257812,96029900,153.3395866394043,157.35220825195313,-0.015123734376502829
2022-09-26,147.05401139098115,151.09244558704148,147.03435544792117,148.14468383789062,93339400,152.70827560424806,157.36809356689454,0.0022603689885136724
2022-09-27,150.08033184270485,152.02584974992726,147.33890593458156,149.1173858642578,84442700,152.23564987182618,157.46426849365236,0.00656589221542081
2022-09-28,145.06914652315353,148.01690757279204,142.31789987820665,147.2308349609375,146691400,151.79004669189453,157.44558868408203,-0.01265144833639753
2022-09-29,143.55598373619551,144.16518295071455,138.23034837016746,139.99900817871094,128138200,151.06588134765624,157.2422381591797,-0.049118968755052395
2022-09-30,138.8198721746833,140.60818747966655,135.59698843169565,135.7935028076172,124925300,150.0950828552246,156.90944488525392,-0.030039536892471075
2022-10-03,135.8033685254817,140.57874239032802,135.29241903979042,139.9695281982422,114311700,149.43871612548827,156.68489990234374,0.030752762866286032
2022-10-04,142.50463937409918,143.67392069654449,141.7480429313829,143.55601501464844,87830100,149.02455825805663,156.55445587158204,0.025623340041031062
2022-10-05,141.56132388640066,144.81368463210958,140.51976901629106,143.85073852539062,79471000,148.55488204956055,156.45639923095703,0.0020530209807796407
2022-10-06,143.27100136570334,144.970872598081,142.6912786611767,142.89761352539062,68402200,148.11124114990236,156.23742919921875,-0.006625791495896705
2022-10-07,140.05793931227225,140.60820060654387,137.02174919053795,137.65060424804688,85925600,147.26228561401368,155.90252899169923,-0.03671866273967861
2022-10-10,137.97486877441406,139.4192729060871,136.15709176712548,137.97486877441406,74899000,146.13181915283204,155.47285217285156,0.0023557072498052722
2022-10-11,137.46394548029593,138.8887089375452,135.8132061545904,136.55996704101562,77033700,145.4017578125,155.03450103759766,-0.010254778612703519
2022-10-12,136.70731279613284,137.91589041966,135.75420235526866,135.93106079101562,70433700,144.5680305480957,154.6130093383789,-0.004605348577823798
2022-10-13,132.63939717381422,141.0896346353026,132.03018316415034,140.50009155273438,113224000,144.10719528198243,154.1627960205078,0.03361285297952099
2022-10-14,141.79714775053986,142.00349764686453,135.78371925254498,135.9704132080078,88598000,143.50192260742188,153.62826904296875,-0.032239682513135026
2022-10-17,138.6135887754333,140.4117102259384,137.8275159869022,139.9302520751953,85250900,142.9089324951172,153.17745880126952,0.0291227979217048
2022-10-18,142.95657861316172,144.14550040873658,138.1615495711484,141.2468719482422,99136600,142.26288146972655,152.7624136352539,0.009409115280799796
2022-10-19,139.22275323737964,142.42598143245377,139.03605931008337,141.35496520996094,61758300,141.778466796875,152.3485479736328,0.000765278977352235
2022-10-20,140.52959032509128,143.34961008460004,140.16602295690015,140.8931427001953,64522000,141.3191062927246,151.84055053710938,-0.003267112047176113
2022-10-21,140.3821901686459,145.27548388473534,140.16601984417193,144.70558166503906,86548600,141.16385650634766,151.42353942871094,0.027059081029629617
2022-10-24,144.62699951406933,147.61405773965313,143.45771845108737,146.84764099121094,75981900,141.09900436401367,150.97842742919923,0.014802879761267596
2022-10-25,147.47646582788911,149.83468340940922,146.75918158114587,149.68728637695312,74732300,141.12749938964845,150.5686883544922,0.019337357866798355
2022-10-26,148.3313246354716,149.3433879403945,145.46215770101213,146.74935913085938,88194300,141.10342559814453,150.10333526611328,-0.019627099383011437
2022-10-27,145.49165853167307,146.45458955551916,141.62026350591435,142.27859497070312,109180200,141.21740493774413,149.51869537353517,-0.030465306197143827
2022-10-28,145.61936318066134,154.7574235710954,145.24599038575582,153.028076171875,164762400,142.07913360595703,149.15690673828124,0.07555234294649393
2022-10-31,150.49303288896766,151.55422867895751,149.27461957607085,150.66989135742188,97943200,142.61415176391603,148.79963806152344,-0.015410144814239857
2022-11-01,152.3796018355527,152.74315424703352,146.5332118743015,148.0267333984375,80379300,142.83768768310546,148.4671307373047,-0.017542708335232193
2022-11-02,146.35634784769096,149.5202795588878,142.47513174028055,142.50460815429688,93604600,142.77038116455077,148.0308624267578,-0.03730491862761676
2022-11-03,139.58632020230726,140.31344004952294,136.33395931941936,136.46170043945312,97918500,142.4485855102539,147.46784088134766,-0.042404998639067104
2022-11-04,139.84739003185524,140.41823769444377,132.25908536615194,136.19595336914062,140814800,142.3758529663086,146.8503741455078,-0.0019474113942351545
2022-11-07,134.94598671425354,136.95378268582516,133.52871190234,136.7274169921875,83374600,142.31348037719727,146.36950439453125,0.0039021983392297788
2022-11-08,138.19393528890745,139.1978259809836,135.3200229786847,137.2982940673828,89908500,142.35039672851562,145.944072265625,0.004175293351939224
2022-11-09,136.3140296124831,136.3632434570898,132.4657382407741,132.74131774902344,74917800,142.190909576416,145.47604064941407,-0.03319033458728127
2022-11-10,139.0107802666447,144.55191040039062,137.29823770175014,144.55191040039062,118854000,142.39350051879882,145.27743255615235,0.08897450207400914
2022-11-11,143.51855829432515,147.6424157179768,142.09143135008082,147.33731079101562,93979700,142.96184539794922,145.11998931884764,0.019269204972177656
2022-11-14,146.61877874685428,147.90810035945074,145.10307645601756,145.93966674804688,73374100,143.2623161315918,144.9768453979492,-0.00948601569734897
2022-11-15,149.81750629168315,151.16587871608763,146.21526862726066,147.67190551757812,89868300,143.58356781005858,144.89350006103516,0.011869554098145274
2022-11-16,146.7763108997982,147.5046219917799,144.96533989912186,146.44166564941406,64218300,143.83790283203126,144.75744812011717,-0.008330899935584668
2022-11-17,144.11888720950952,149.0891860323431,143.8433076526517,148.3411865234375,80389400,144.21030502319337,144.68886322021484,0.012971177742343798
2022-11-18,149.9060967599958,150.2899408094876,147.60303246304494,148.90219116210938,74829600,144.42013549804688,144.57431274414063,0.003781853521733991
2022-11-21,147.790025718782,147.99670287508093,145.3885338782466,145.6739501953125,58724100,144.36145095825196,144.27610778808594,-0.021680278453943602
2022-11-22,145.7920747269315,148.04592513732047,144.6110022662971,147.80970764160156,51804100,144.26757202148437,144.20907806396485,0.014661217351664702
2022-11-23,147.09122719796105,149.43366845656658,146.98296272757275,148.6856689453125,58301400,144.36438751220703,144.13067932128905,0.005926277222839227
2022-11-25,145.9692403249909,146.5302512983949,144.7980195359923,145.77239990234375,35195900,144.53907775878906,144.05179138183593,-0.019593475710428243
2022-11-28,142.84924916455952,144.32557460653223,141.11703271911014,141.9437713623047,69246000,143.98486251831054,143.92914947509766,-0.026264426891537407
2022-11-29,142.01266197350824,142.5244590100729,138.13485967272496,138.94190979003906,83763800,143.3984634399414,143.67218658447266,-0.021148244431265062
2022-11-30,139.16829999405587,146.3727767919922,138.3317244213744,145.69366455078125,111380900,143.28180999755858,143.5027020263672,0.04859408346225447
2022-12-01,145.87082558028513,146.77630352615344,144.29607218523327,145.96923828125,71250400,143.45504150390624,143.40122161865236,0.00189145994315143
2022-12-02,143.6563344518848,145.66413072697534,143.35121453595042,145.4771270751953,65447400,143.90581283569335,143.3091571044922,-0.0033713350281824317
2022-12-05,145.4377569527139,148.53803463745106,143.46932286260514,144.3157501220703,68826400,144.31180267333986,143.23926055908203,-0.00798322716755806
2022-12-06,144.74881132681773,144.97517704731527,139.68008441838234,140.6544647216797,64727200,144.50815505981444,143.0894561767578,-0.025369964105052323
2022-12-07,139.94580150371553,141.10717022124382,137.79036411926236,138.7155303955078,69721100,144.5790168762207,142.8814190673828,-0.013785089083439672
2022-12-08,140.11315845458282,141.25485398858248,138.87305021328396,140.39857482910156,62128300,144.9618797302246,142.7447738647461,0.01213306418390947
2022-12-09,140.09347268821548,143.272505058159,138.676197516891,139.91632080078125,76097000,144.73010025024413,142.7431201171875,-0.003434892618442431
2022-12-12,140.44777667846864,142.21937045590607,138.8336612407948,142.20953369140625,70462700,144.47371139526368,142.87144073486328,0.016389888452614354
2022-12-13,147.14043487810696,147.6030180487257,141.9634590975565,143.17404174804688,93886200,144.33543014526367,142.9355310058594,0.006782302364717774
2022-12-14,143.05597702965818,144.34529916781915,138.93210452988586,140.9497528076172,82291200,143.99932250976562,142.88340576171876,-0.015535560170494622
2022-12-15,138.88288378971373,139.5619960317231,133.88305882406812,134.34564208984375,98931900,143.3945213317871,142.6933038330078,-0.04685436182912228
2022-12-16,134.5326248058533,135.47746472052233,131.61933586337778,132.38702392578125,160156900,142.5968132019043,142.48309204101562,-0.014578948253138546
2022-12-19,132.9775676474043,133.06614357854048,129.24739159594094,130.2808074951172,79592600,141.66574401855468,142.33569610595703,-0.01590953832336961
2022-12-20,129.31625782088165,131.14690185461754,127.83993247167396,130.21189880371094,77432800,140.89264144897462,142.18043670654296,-0.0005289243498803886
2022-12-21,130.881192518899,134.6507460089221,130.65482677922608,133.3122100830078,85928000,140.16776657104492,142.1154815673828,0.023809738647391
2022-12-22,132.2295245469635,132.43620165155932,128.2434437608185,130.14297485351562,77852100,139.2406318664551,141.99971984863282,-0.02377303044874013
2022-12-23,128.8536879861786,130.33001348787815,127.59389142616514,129.7788543701172,63814900,138.44095458984376,141.78529510498046,-0.0027978497019011117
2022-12-27,129.30642869732836,129.33595400462013,126.68840798575984,127.97772979736328,69007800,137.74265251159667,141.62544143676757,-0.013878413255346445
2022-12-28,127.62341762114275,128.96195335269854,123.88339749624971,124.05071258544922,85438400,136.9980926513672,141.30785064697267,-0.030685160755172025
2022-12-29,125.9699575201466,128.4206562494189,125.71406645421771,127.56439208984375,75703700,136.0916290283203,141.0342010498047,0.028324541078103227
2022-12-30,126.38331154566909,127.89899915340173,125.41877555904108,127.87931060791016,77034200,135.18713264465333,140.76468795776367,0.002468702377734111
2023-01-03,128.22379338136977,128.8340031338152,122.21022673136561,123.09602355957031,112117500,134.06807746887208,140.40874557495118,-0.03740469842698668
2023-01-04,124.88728777203856,126.62935597280962,123.10585750129947,124.36565399169922,89113600,133.07057266235353,140.00194702148437,0.010314146593975781
2023-01-05,125.12351256937882,125.75341088924934,122.79092293482029,123.04681396484375,80962700,132.19019012451173,139.52593048095704,-0.010604535774350499
2023-01-06,124.02119442530204,128.2336347517989,122.91886860960567,127.57421112060547,87754700,131.6331241607666,139.08366897583008,0.03679410307247166
2023-01-09,128.41078181603234,131.30438194257326,127.83993420444634,128.0958251953125,70790800,131.01798667907715,138.71059829711913,0.004088710955961972
2023-01-10,128.20410381019116,129.18832083166095,126.09787998496417,128.66668701171875,63896200,130.45550498962402,138.43836013793944,0.004456521635547661
2023-01-11,129.1784814447806,131.4028064616691,128.40095662151043,131.3831329345703,69458900,129.91418495178223,138.00546127319336,0.021112270673481648
2023-01-12,131.76699610111268,132.14098840377943,129.36550386584642,131.30441284179688,71379600,129.32070350646973,137.61815170288085,-0.0005991643753284759
2023-01-13,129.94616380817476,132.7905502170586,129.58200833933589,132.63307189941406,57809700,128.90486946105958,137.3102784729004,0.010118921587334961
2023-01-17,132.7019826183309,135.12314807764807,132.01303370787318,133.79446411132812,63646600,128.8773105621338,137.136075592041,0.008756430016148897
2023-01-18,134.66054787823845,136.42228931739672,132.89879142112386,133.07595825195312,69672800,128.9117572784424,137.068360748291,-0.005370221138425779
2023-01-19,131.96381962844052,134.0995687562006,131.65871475561192,133.13504028320312,58280400,129.0544689178467,137.00714248657226,0.0004439722398101864
2023-01-20,133.1448517377868,135.84161126203279,132.1015842994744,135.6939697265625,80223600,129.32857246398925,136.98647354125976,0.019220555594650746
2023-01-23,135.94004410758743,141.0579844042408,135.72351517113088,138.8828582763672,81760300,129.60710487365722,137.01816482543944,0.023500591487084055
2023-01-24,138.0954634232415,140.90048744485267,138.08562666123444,140.28042602539062,66435100,130.11397743225098,137.1689469909668,0.010062924729287825
2023-01-25,138.6663258108729,140.18201330953534,136.61915274790366,139.6210174560547,65799300,130.60608558654786,137.07032913208008,-0.004700645614068688
2023-01-26,140.91035682918778,141.9733130723702,139.66039693887691,141.68789672851562,54105100,131.29159393310547,136.95734085083006,0.014803496709308028
2023-01-27,140.90051489349364,144.9062704324847,140.82177572822627,143.6267852783203,70555800,132.27039756774903,136.91108322143555,0.013684221408972741
2023-01-30,142.6721295386836,143.25281407268088,140.59543068062553,140.74305725097656,64015300,132.92933082580566,136.77250625610353,-0.02007792642406958
2023-01-31,140.4477633640219,142.06187864867766,140.03439402480078,142.01266479492188,65874500,133.63599853515626,136.68392623901366,0.009020747230759074
2023-02-01,141.69771052689384,144.29604258311244,139.0895417079852,143.13465881347656,77663600,134.63793029785157,136.57979568481446,0.007900661678132304
2023-02-02,146.5498959772077,148.7939093931277,145.831421817907,148.43960571289062,118339000,135.84162788391114,136.57054397583008,0.03706262999744259
2023-02-03,145.6936529941079,154.8960886893848,145.496812581912,152.06153869628906,154357300,137.2923641204834,136.6982957458496,0.024400044489500505
2023-02-06,150.1620199448286,150.6836538403975,148.4002628109197,149.33526611328125,69858300,138.3804168701172,136.7288069152832,-0.017928745206590158
2023-02-07,148.2624474794368,152.77999988075524,148.2624474794368,152.2091522216797,83322600,139.58608322143556,136.79927658081056,0.01924452397077059
2023-02-08,151.45133472995892,152.14028370808583,148.7840997356859,149.5222625732422,64120100,140.6288619995117,136.87427383422852,-0.017652615557074203
2023-02-09,151.3529059605557,151.89422837459855,148.0459358705389,148.48883056640625,56007100,141.48414688110353,137.00517501831055,-0.006911559449748972
2023-02-10,147.32566223415182,149.17880490718028,147.08908410868764,148.853515625,57450700,142.36160202026366,137.20340713500977,0.002455976366725121
2023-02-13,148.79440338379132,152.05713357186568,148.76483299254943,151.6529998779297,62199000,143.31259841918944,137.32259384155273,0.018806974367890028
2023-02-14,149.9476888936107,151.5741355635304,148.7056873791277,151.01226806640625,61707600,144.17348861694336,137.42345443725586,-0.004224986067134728
2023-02-15,150.92353288699502,153.27940219693946,150.6968215839401,153.11183166503906,65573800,145.17528228759767,137.57614852905274,0.013903265115583485
2023-02-16,151.31781291605773,154.09754945424802,151.16010920849044,151.5149688720703,68167900,146.09427871704102,137.72013290405275,-0.010429388608335532
2023-02-17,150.17441057100683,150.81512239489066,148.69583093968438,150.37155151367188,59144100,146.8281578063965,137.91447463989257,-0.007546563662392147
2023-02-21,148.05507322667935,149.13937074675135,146.29064185225675,146.35963439941406,58867200,147.20199661254884,138.0673567199707,-0.026680027397955275
2023-02-22,146.74408634882758,147.80866542554767,145.0585140913541,146.7835235595703,51011300,147.52715148925782,138.19505569458008,0.002896216309200783
2023-02-23,147.94667430552937,148.1931042440918,145.1373820304515,147.2665252685547,48394200,147.9094268798828,138.34205978393555,0.00329057170226843
2023-02-24,145.00924162382364,145.0881010134071,143.6390916917033,144.61495971679688,55469600,148.05578002929687,138.39016830444336,-0.01800521569258473
2023-02-27,145.60065500306268,147.03979725813033,145.34435826985944,145.80764770507812,44998500,148.16482315063476,138.442840423584,0.008247334788993532
2023-02-28,144.9501024216552,146.95111245136155,144.73324285815977,145.30496215820312,50547000,148.3929183959961,138.5299446105957,-0.0034475938319213917
2023-03-01,144.73322244168676,145.12750429739225,142.9392054041828,143.23492431640625,55479000,148.45403137207032,138.70773025512696,-0.01424616070264062
2023-03-02,142.31823534576338,144.6149643784106,141.8450789930105,143.82638549804688,52238100,148.48861770629884,138.93651748657226,0.004129308438311385
2023-03-03,145.9259528752422,148.9521198871165,145.22610023869615,148.87326049804688,70732300,148.51030044555665,139.30836654663085,0.03509004959363682
2023-03-06,151.59381779613093,154.06798373466975,151.26854354881283,151.6332550048828,87558000,148.48888626098633,139.7367936706543,0.018539222541392064
2023-03-07,151.505091132307,151.83038038722225,148.97179972168095,149.43508911132812,56182000,148.49387741088867,140.0592512512207,-0.014496595047596261
2023-03-08,150.62784041964048,151.278419098267,149.66183922588297,150.68698120117188,47204800,148.4177688598633,140.47013137817382,0.008377497529453048
2023-03-09,151.3671337581158,152.33313497413033,148.08468493947933,148.43954467773438,53833600,148.3636329650879,140.84334518432618,-0.014914603143035277
2023-03-10,148.06496662146847,148.78453780981002,145.5020893181875,146.37937927246094,68572400,148.25816040039064,141.21137817382814,-0.01387881786990186
2023-03-13,145.69922529511118,150.95311305935627,145.59079552733544,148.3212432861328,84457100,148.23154678344727,141.6967887878418,0.013265966991548916
2023-03-14,149.119644313621,151.2093648343279,147.9565025267025,150.4109344482422,73695900,148.1694435119629,142.15371963500976,0.014088953920633251
2023-03-15,149.03098388604963,151.06156433450928,147.77911548729296,150.80528259277344,77167900,148.15909423828126,142.61223907470702,0.0026218050301851648
2023-03-16,149.98712698991974,154.22572509887632,149.47454848721353,153.6244354248047,76161100,148.18472442626953,143.22280731201172,0.01869399256817772
2023-03-17,153.85115455030763,154.50173325502132,152.07685582876627,152.7865753173828,98944600,148.24830474853516,143.79122573852538,-0.005453950767044358
2023-03-20,152.85555389921097,155.5662829465371,151.94867858194203,155.1522674560547,73641400,148.4873405456543,144.4333348083496,0.015483638753978513
2023-03-21,155.07342994575768,157.1237136794573,154.30455474450915,157.00543212890625,73938300,149.0196304321289,145.0219592285156,0.011944167515157034
2023-03-22,157.0251659140942,159.82460651427928,155.5564380089166,155.57615661621094,75701800,149.45926208496093,145.5715658569336,-0.00910335071414492
2023-03-23,156.56183746045352,159.24299583165927,155.42825095683142,156.660400390625,67622100,149.92895584106446,146.13144012451173,0.00696921557902197
2023-03-24,156.5914437450547,158.0503047976887,155.59587218901564,157.9615936279297,59196500,150.5962875366211,146.6630093383789,0.008305820960882393
2023-03-27,157.6560126824132,158.47416184588545,155.61556566491817,156.01971435546875,52390300,151.1068908691406,147.15731536865235,-0.012293363392084644
2023-03-28,155.71413440722972,156.22671283698608,153.75254688783264,155.39869689941406,45992200,151.61157760620117,147.61262786865234,-0.003980378111959504
2023-03-29,157.09415020907082,158.75016719414856,157.074446643704,158.4741668701172,51305700,152.37353973388673,148.10622192382812,0.019790835007411856
2023-03-30,159.2232937572216,160.14987263415844,158.96701206310877,160.04144287109375,49501700,153.18429260253907,148.64553161621095,0.009889788549960254
2023-03-31,160.12033413577524,162.64377453412575,159.597903820846,162.54519653320312,68749800,153.86788940429688,149.23373474121092,0.015644408205729876
2023-04-03,161.92418140899423,163.91532439911353,161.87489241518372,163.7970428466797,56976200,154.47607879638673,149.7957962036133,0.0077015275761831425
2023-04-04,164.22093523724538,164.4574983782598,162.75220722625122,163.26478576660156,46278300,155.16756362915038,150.28343475341796,-0.003249491387804504
2023-04-05,162.38746386000238,162.69303455117807,159.489445623491,161.42144775390625,51511700,155.70428695678712,150.7062551879883,-0.01129048131255006
2023-04-06,160.1104583059446,162.60434321282244,159.686606015777,162.30862426757812,45390100,156.3977409362793,151.16000732421875,0.005496026246923691
2023-04-10,159.11491201302218,159.71620178222656,157.794050894079,159.71620178222656,47716900,157.06458206176757,151.52057342529298,-0.01597217952557939
2023-04-11,160.03162242596915,160.0414742096721,158.21788648492154,158.50375366210938,47644200,157.5737075805664,151.81811279296875,-0.007591265673662639
2023-04-12,158.9177526201656,159.74575366976245,157.49831365463328,157.81375122070312,50133100,157.94384841918946,152.15952667236328,-0.004353224611179596
2023-04-13,159.32188371142138,163.4323331532267,159.11487595150933,163.1957550048828,68445600,158.56337203979493,152.5831884765625,0.034103515964543085
2023-04-14,162.23961256067847,163.94491858408577,161.48061917083933,162.85076904296875,49386500,159.02468872070312,152.97751068115235,-0.0021139395562326246
2023-04-17,162.73248322378927,163.02820218114718,161.6876226098968,162.8704833984375,41516200,159.52888412475585,153.2661282348633,0.0001210577977899252
2023-04-18,163.72804670609275,165.019337094876,163.28446081239204,164.09275817871094,49923000,159.97590866088868,153.5067526245117,0.007504581276911448
2023-04-19,163.43233711220313,165.7586363174907,163.17604035173306,165.2362060546875,47720200,160.38744735717773,153.82477142333985,0.0069683018840553945
2023-04-20,163.71818673436218,165.47276665465435,163.1957564794937,164.2701873779297,52456400,160.82214889526367,154.06599212646483,-0.005846289380658454
2023-04-21,162.69305305620966,164.07305473489896,162.14105238473394,162.66348266601562,58337300,161.1223030090332,154.32881652832032,-0.009780866130124855
2023-04-24,162.64375061086378,163.23518844762253,161.5496011414824,162.9690399169922,41949600,161.37267532348633,154.61842071533204,0.0018784624918177784
2023-04-25,162.83104036567903,163.93504162144998,161.3918829793584,161.4313201904297,48714100,161.64325561523438,154.86997680664064,-0.009435655553629907
2023-04-26,160.73144699304368,162.91974586384254,160.47516529354857,161.42144775390625,45498800,161.94439315795898,155.06534576416016,-6.11556450866857e-05
2023-04-27,162.83101720070817,166.15288731865132,162.83101720070817,166.00503540039062,64902300,162.32093658447266,155.36520111083985,0.028395158823456113
2023-04-28,166.08391841749662,167.42449781718415,165.48262879614657,167.2569122314453,55275900,162.68171005249025,155.64810272216798,0.007541197940383437
2023-05-01,166.86261170538234,168.01590182570695,166.23175176672046,167.16818237304688,52472900,162.91285934448243,155.9611669921875,-0.0005305003973506972
2023-05-02,167.66109333275145,167.91739013162538,165.14750459229282,166.1332244873047,48425700,163.02966842651367,156.27640045166015,-0.006191117657979972
2023-05-03,167.07950544573387,168.47922575134587,164.77292473257992,165.05877685546875,65136000,163.11936798095704,156.65038330078124,-0.006467385648787238
2023-05-04,162.53534351356944,164.6546351492701,161.9636242025262,163.4224853515625,81235400,163.21941986083985,156.98316253662108,-0.009913386825464277
2023-05-05,168.5383442631647,171.81094077356033,168.32148473339686,171.09136962890625,113453200,163.65855712890624,157.45965942382813,0.046926738758415354
2023-05-08,170.0169462399646,171.36739258858663,169.65223472844943,171.0223846435547,55962800,164.22386627197267,157.9878079223633,-0.00040320552404948806
2023-05-09,170.57878228109809,171.0617752659888,169.14949184838724,169.3170623779297,45326900,164.76453170776367,158.45799621582032,-0.009971339536512969
2023-05-10,170.5492304195713,171.54480192353225,169.44521410372417,171.08151245117188,53724500,165.42791976928712,158.9735272216797,0.010420982082147034
2023-05-11,171.3673462798859,172.09676910580384,169.71132964848562,171.26876831054688,49514700,165.83157043457032,159.5342041015625,0.0010945417578562822
2023-05-12,171.3773522647327,171.81167121139163,168.79119952450796,170.34092712402344,45533100,166.20607833862306,160.06449493408203,-0.005417456992748759
2023-05-15,170.92332917405315,170.97268634600138,169.2551561693846,169.847412109375,37266700,166.55492477416993,160.4839779663086,-0.0028972192589342693
2023-05-16,169.76844364659667,170.903583292935,169.58089543020992,169.847412109375,42110300,166.84265747070313,160.84826110839845,0.0
2023-05-17,169.49204389326178,170.6962714054677,168.21869827349877,170.45938110351562,57951600,167.10381622314452,161.26874694824218,0.003603051624634368
2023-05-18,170.76540150488879,172.97647339745131,170.35082834910114,172.78892517089844,65496700,167.52975311279297,161.71078582763673,0.013666270828286864
2023-05-19,174.11159953538055,174.11159953538055,172.68033195301507,172.89749145507812,55809500,168.04145355224608,162.1999447631836,0.0006283173766623573
2023-05-22,171.73273062815065,172.45331220735133,171.2095777379714,171.94989013671875,43570900,168.49049606323243,162.71135498046874,-0.005480711781209235
2023-05-23,170.89370662105455,171.1404774028389,169.0675968111729,169.34397888183594,50747300,168.88612899780273,163.1318096923828,-0.015155062052152668
2023-05-24,168.88003378894078,170.19285604024458,168.31740428792023,169.62034606933594,45143500,169.29607391357422,163.51599792480468,0.001631987091155196
2023-05-25,170.18301363335365,171.65375792303627,169.47231254318322,170.75552368164062,56058300,169.53359832763672,163.91500274658202,0.006692461362156843
2023-05-26,171.08130048749632,173.499651782114,170.87400634832463,173.16403198242188,54835000,169.82895431518554,164.30579467773438,0.014105009599992169
2023-05-30,174.6742524991613,176.67803022234617,174.28929064745816,175.00985717773438,55964400,170.2210380554199,164.7502603149414,0.010659402961348707
2023-05-31,175.03946345752533,177.03337571367211,174.4768188110026,174.9604949951172,99625300,170.66240158081055,165.14642486572265,-0.0002820537277912205
2023-06-01,175.40468096744894,177.79342049505456,174.64462268903534,177.76380920410156,68901800,171.2976531982422,165.56159240722656,0.016022555314916254
2023-06-02,178.69166987914852,179.43198227661338,176.94452840385708,178.61270141601562,61996900,172.05716400146486,166.02232330322266,0.004775393910126047
2023-06-05,180.27101332814428,182.56103856696868,175.74028990045602,177.26040649414062,121946500,172.36561584472656,166.43432342529297,-0.0075711016694456346
2023-06-06,177.64536518975015,177.79342164547316,175.13816542041533,176.8951873779297,64848400,172.6592559814453,166.81299530029298,-0.0020603535974798026
2023-06-07,176.135134367242,178.86935913776645,175.02960596689772,175.5231475830078,61944600,172.9695602416992,167.20306396484375,-0.007756230201958925
2023-06-08,175.60209965770608,178.50412674833163,175.1677956906412,178.2376251220703,50214900,173.32736587524414,167.65984252929687,0.015465068718522046
2023-06-09,179.1556074319137,179.87617397731293,178.2968498358667,178.62258911132812,48900000,173.6950569152832,168.0628109741211,0.0021598357192773587
2023-06-12,178.92857679274874,181.51472997018058,178.63244881890137,181.416015625,54274900,174.24881134033203,168.49030242919923,0.015638708001992185
2023-06-13,180.4388079672042,181.7713612206094,180.08345742062403,180.9422149658203,54929100,174.8035514831543,168.85824279785157,-0.002611680438176278
2023-06-14,181.00144926283193,182.00827838693002,179.66889592317074,181.57395935058594,57462900,175.38987884521484,169.21378112792968,0.0034914151177212194
2023-06-15,181.5838370156226,184.11076766616947,181.4061542027307,183.6073455810547,65433200,176.0472770690918,169.62063232421875,0.011198666580501504
2023-06-16,184.31805138125782,184.57470266619666,181.88983501651188,182.53143310546875,101256200,176.5344024658203,170.04283203125,-0.0058598552916335755
2023-06-20,182.02801364300083,183.69618663444365,182.02801364300083,182.62025451660156,49799100,177.0205406188965,170.44906463623047,0.00048660885208451354
2023-06-21,182.51169267844918,183.01511479137184,180.23153270863293,181.58384704589844,49515700,177.50223846435546,170.8864175415039,-0.005675205488276824
2023-06-22,181.36667829792557,184.63392138287654,181.29757524213758,184.58456420898438,51245300,178.2642677307129,171.4080337524414,0.016525242811534113
2023-06-23,183.15329819733586,185.13733008755815,182.62026481317798,184.26869201660156,53117000,178.99668502807617,171.93713256835937,-0.001711260059780395
2023-06-26,184.4167547195407,185.6209974197008,182.83741558637178,182.8769073486328,48088700,179.60275421142578,172.33075561523438,-0.007553017567647147
2023-06-27,183.48890577659213,185.95661391553264,183.27174625542975,185.63087463378906,50730800,180.22609634399413,172.78635772705078,0.015059130893471107
2023-06-28,185.50250885319187,187.44706365086452,185.1767847036212,186.8054656982422,51216800,180.81587677001954,173.2650573730469,0.006327563056363061
2023-06-29,186.63769101872532,187.61490879718235,186.49949997485513,187.14109802246094,46347300,181.4249069213867,173.72602416992189,0.0017966943470535401
2023-06-30,189.15475231695294,191.96793030893548,188.7895213028153,191.4645233154297,85213200,182.1099426269531,174.2505905151367,0.023102489718478836
2023-07-03,191.27695610256632,191.37567043424474,189.2830440838622,189.97401428222656,31458200,182.67800827026366,174.76466705322267,-0.007784779171583489
2023-07-05,189.09553270560195,190.48730854754436,188.15779163185775,188.85862731933594,46920300,183.25791931152344,175.28856994628907,-0.005871260693757874
2023-07-06,187.3878577490578,189.53970680413252,186.75612514844465,189.33241271972656,45094300,183.8797805786133,175.81583740234376,0.0025086775601175226
2023-07-07,188.9375920522482,190.1813114167851,187.7827065576724,188.21701049804688,46815000,184.51447372436525,176.3515512084961,-0.005891237562851148
2023-07-10,186.8153651594175,187.5359467558433,184.62403920180722,186.17376708984375,59922200,184.9112808227539,176.84659759521483,-0.01085578504725171
2023-07-11,186.71664053164818,186.85483156149365,184.18971023636405,185.6505889892578,46638100,185.2626808166504,177.23950866699218,-0.0028101601464263215
2023-07-12,187.22993768452707,189.22385000348103,186.03557542450565,187.31878662109375,60750200,185.55781936645508,177.64074615478515,0.008985684564310592
2023-07-13,188.03936545890204,188.72045533421505,187.32866429002723,188.07884216308594,41342300,185.91465072631837,178.05895935058595,0.004057551064163167
2023-07-14,187.77283329330808,188.71055932283986,187.18059240914323,188.22689819335938,41616200,186.24729766845704,178.50083282470703,0.000787201944517868
2023-07-17,189.42123783678522,191.8099921548826,189.3324039740118,191.4842529296875,50520200,186.64114303588866,179.0293423461914,0.01730546891859186
2023-07-18,190.85254922844402,191.8198865800326,189.93455398917624,191.22763061523438,48288200,187.07595291137696,179.58544525146485,-0.0013401745079651972
2023-07-19,190.6057743707706,195.66950100927124,190.16157487576123,192.57994079589844,80507300,187.5739372253418,180.0152166748047,0.007071730043996638
2023-07-20,192.57005054034346,193.93223012421538,190.01350876450033,190.6353759765625,59581200,188.026513671875,180.40747650146486,-0.010097442191016381
2023-07-21,191.59282688932564,192.4515843269373,188.75988828116408,189.46072387695312,71951700,188.27032165527345,180.8103497314453,-0.0061617739813086825
2023-07-24,190.91177825353577,192.3924031537896,189.76675804919924,190.2602996826172,45377800,188.5699020385742,181.1939254760742,0.004220272092823496
2023-07-25,190.83278632842445,191.92844922240585,190.4280786239598,191.11903381347656,37283200,188.9820083618164,181.59093078613282,0.004513469874124487
2023-07-26,191.16839008411552,193.112945076557,190.82292002182845,191.9876708984375,47471900,189.29984817504882,182.0238656616211,0.004545005631457322
2023-07-27,193.4880330742484,194.65278390019768,190.06285351948284,190.7241973876953,47460200,189.49578475952148,182.4414013671875,-0.006581013795466939
2023-07-28,192.15548645475204,194.09017617119656,191.63233355900982,193.30050659179688,48291400,189.8037551879883,182.91046325683592,0.013508035369337756
2023-07-31,193.52752900074864,193.95198260711592,192.7378594315981,193.91249084472656,38824100,189.92615356445313,183.37952545166016,0.0031659733526827605
2023-08-01,193.7052107356477,194.1888718595327,192.75760424557473,193.08334350585938,35175100,190.08162002563478,183.7854138183594,-0.0042758841127522595
2023-08-02,192.52068429221174,192.65887532596588,189.37190180440743,190.09246826171875,50389300,190.1433120727539,184.12931335449218,-0.015490073819080408
2023-08-03,189.09549530852803,189.88514964985808,188.2268574590356,188.70065307617188,61235200,190.11172409057616,184.46432861328125,-0.007321779754212221
2023-08-04,183.12366926443607,184.9596445164711,179.57016391801557,179.63926696777344,115956800,189.6828369140625,184.670234375,-0.04801989797428352
2023-08-07,179.77748800777417,180.76457131743229,175.0592309925441,176.53985595703125,97576100,189.20114135742188,184.8086245727539,-0.0172535273777209
2023-08-08,177.36897457174686,177.94148460917899,175.2862285117603,177.47755432128906,67823000,188.79248962402343,184.94306518554689,0.005311539194220449
2023-08-09,178.53371160261662,178.59293417746048,174.7235703168388,175.88833618164062,60378500,188.2209671020508,184.99755126953124,-0.008954473965600562
2023-08-10,177.16169386807627,178.41529378720278,175.30598763799586,175.67120361328125,54686900,187.60058517456054,185.01077819824218,-0.001234491001922633
2023-08-11,175.2659575562626,176.5508864753638,174.5048729038775,175.73049926757812,52036700,186.97576522827148,185.0261782836914,0.0003375377015542025
2023-08-14,175.90841909398483,177.60849603671858,175.2560608313475,177.38116455078125,43675600,186.27061080932617,185.018525390625,0.009393163338651478
2023-08-15,176.8078826094104,177.40092323969566,174.99907927707545,175.39443969726562,43622600,185.47895126342775,184.95416015625,-0.011200314636263808
2023-08-16,175.07813825565708,176.471793411816,174.45543132326716,174.52462768554688,46964900,184.57618560791016,184.89944458007812,-0.004959176660446429
2023-08-17,175.08803154260252,175.4537406821077,171.47042491030345,171.98440551757812,66062900,183.64363708496094,184.8012289428711,-0.014555092892366117
2023-08-18,170.30410101859755,173.07166917955516,169.96804315644715,172.46873474121094,61172200,182.79403762817384,184.74014068603515,0.0028161229047205527
2023-08-21,173.0420157807921,174.08973444525807,171.7274205434044,173.80308532714844,46311900,181.9711769104004,184.65144989013672,0.007736767988352655
2023-08-22,175.00895776189057,175.62177093693052,174.2083431088137,175.17698669433594,42038900,181.17407455444337,184.58253784179686,0.007904930827904444
2023-08-23,176.45205395893973,179.44695366375947,176.264252478764,179.0219268798828,52722800,180.52578735351562,184.53465606689454,0.02194888871022682
2023-08-24,178.57713623123834,179.0021629998802,173.97111355320405,174.3368377685547,54945800,179.7064193725586,184.40254852294922,-0.0261704763934959
2023-08-25,175.3252679389123,177.07475372946672,173.78334110152613,176.541015625,51449600,178.86844482421876,184.3018896484375,0.01264321347489128
2023-08-28,178.00387451255935,178.49808262553688,176.48172016068384,178.10272216796875,43820700,178.07795639038085,184.19179718017577,0.00884614001703743
2023-08-29,177.61837000977968,182.75813070921157,177.4206898063463,181.98716735839844,53003900,177.5231475830078,184.18091186523438,0.021810139357478553
2023-08-30,182.79767343476072,185.67396786591692,182.5999932338842,185.4762725830078,60813900,177.29233779907227,184.2380322265625,0.01917225964475877
2023-08-31,185.66408956621913,186.92926105598286,185.30825914209595,185.69374084472656,60794500,177.1419921875,184.32023010253906,0.001172485616031782
2023-09-01,187.29500162288934,187.7200133732383,186.09901131803056,187.26535034179688,45766500,177.52329635620117,184.3738458251953,0.008463448955904562
2023-09-05,186.09898389331408,187.77928826308653,185.4367469097816,187.50253295898438,45280000,178.07143020629883,184.43852264404296,0.0012665590124099069
2023-09-06,186.21759365485326,186.66239298088038,179.3678770840619,180.79119873046875,81755800,178.23711242675782,184.3968084716797,-0.03579329901630557
2023-09-07,173.15075355684382,176.14566870650594,171.5297514902668,175.50318908691406,112488800,178.21785507202148,184.19425476074218,-0.029249264791027074
2023-09-08,176.2840260730559,178.15213198996554,175.7305003611282,176.11598205566406,65551300,178.24009399414064,183.98046508789062,0.00349163437962674
2023-09-11,177.98408488615974,178.21141635408188,175.2856982178241,177.2823028564453,58953100,178.31768417358398,183.78328918457032,0.006622458604651937
2023-09-12,177.4108165912451,178.043402311121,172.79491507430095,174.2577667236328,90370200,178.16151428222656,183.43915405273438,-0.017060564332028294
2023-09-13,174.46534664942806,175.24620393193433,171.96465474647994,172.19200134277344,84267900,178.00139236450195,183.08351379394531,-0.011854653136554982
2023-09-14,171.98441978182902,174.06009984649242,171.5692867853032,173.7042694091797,60895800,177.9603744506836,182.78042663574217,0.008782452463606871
2023-09-15,174.43566940930017,174.45544195430384,171.806494041059,172.98269653320312,109259500,178.01028900146486,182.45343231201173,-0.004154030746802317
2023-09-18,174.4356864419302,177.3021024660386,174.12927983360214,175.90843200683594,67257600,178.1822738647461,182.2072607421875,0.016913457428218814
2023-09-19,175.46363376102514,177.54919237650395,175.07815207769175,176.9956817626953,51826900,178.34190368652344,182.02369903564454,0.006180771117425099
2023-09-20,177.18345571133617,177.61836118650515,173.36816915467014,173.45713806152344,58436200,178.25591125488282,181.77983001708984,-0.019992260070593848
2023-09-21,172.5280657800123,174.25779428093645,171.84605612937938,171.9152374267578,63149100,177.90057678222655,181.4717590332031,-0.008889231380139195
2023-09-22,172.6466384244914,175.0287248458324,172.03382526857388,172.76524353027344,56725400,177.8219970703125,181.16548706054687,0.004944332545727681
2023-09-25,172.1820865728236,174.92000347180993,172.13266274999066,174.04031372070312,46172700,177.69696197509765,180.88175537109376,0.007380362880721858
2023-09-26,172.7949188930673,173.1705067749598,169.67152023376326,169.96804809570312,64588900,177.29022827148438,180.45143127441406,-0.023398404300368547
2023-09-27,170.6203831944849,171.0355161486817,167.09174554279588,168.45574951171875,66921800,176.6136573791504,179.99599365234374,-0.008897546338432094
2023-09-28,167.3783703364052,170.03721192481018,165.678293523344,168.71273803710938,56294400,175.77548065185547,179.51864959716798,0.001525555085745145
2023-09-29,170.02734498983367,171.06518493104676,168.36679806748614,169.2267303466797,51861100,174.95213012695314,179.09047668457032,0.0030465530673637886
2023-10-02,169.23658298137698,172.28090596787308,168.94993390517055,171.73727416992188,52164500,174.17572631835938,178.7360076904297,0.014835385746087892
2023-10-03,170.26454593815689,171.61868620307462,168.84123947337378,170.40292358398438,49594600,173.32074584960938,178.33886016845702,-0.007769720303218874
2023-10-04,169.10812432832188,172.19199313339385,168.98951921036945,171.6483612060547,53020300,172.86360397338868,177.9494467163086,0.007308780834716755
2023-10-05,171.77684421895017,173.41761872545223,170.67970163713667,172.88388061523438,48527900,172.73263854980468,177.56737091064454,0.007197967988150644
2023-10-06,171.78673241813826,175.92819856079907,171.17390414032383,175.43399047851562,57266700,172.69853897094725,177.26156677246092,0.014750420075060111
2023-10-09,174.76187075811515,176.97592853708252,173.7635757979471,176.9166259765625,42390800,172.6802551269531,176.93388916015624,0.008451244220135656
2023-10-10,176.03691333055846,177.6381425852869,175.88864186643335,176.32354736328125,43698000,172.78354415893554,176.58211029052734,-0.0033523056977121657
2023-10-11,176.13575227199846,177.76664794425923,175.54271164011269,177.71722412109375,47551100,173.05980529785157,176.27478790283203,0.007904087563194828
2023-10-12,177.98408304070654,180.2277765858699,176.96600064702005,178.61666870117188,56743100,173.30542526245117,176.0452719116211,0.00506109964594792
2023-10-13,179.31848129679557,179.82256817452978,176.07647707622922,176.77825927734375,51427100,173.4952033996582,175.80682403564452,-0.010292485226582104
2023-10-16,174.7025383958498,177.00554962273654,174.46531311220224,176.64971923828125,52517000,173.53226776123046,175.7470330810547,-0.0007271258331650321
2023-10-17,174.60370757241088,176.35320838797153,172.77514673671925,175.09791564941406,57549400,173.4373794555664,175.71819427490234,-0.008784636599246332
2023-10-18,173.54610256783715,175.52293478970745,173.08154578913502,173.80308532714844,54764400,173.45467681884764,175.64470489501954,-0.0073948928373206435
2023-10-19,174.00080421032325,175.77995662188818,173.16065937849837,173.4275360107422,59302900,173.53029174804686,175.59548889160158,-0.0021607747394090104
2023-10-20,173.27923973046956,173.3879661145723,170.64017031492207,170.8773956298828,64244000,173.43589935302734,175.49961273193358,-0.014704356871572122
2023-10-23,168.93020088937016,171.99428177951037,167.96154224302492,170.99598693847656,55980100,173.283683013916,175.40492248535156,0.0006940140219049429
2023-10-24,171.045411263789,171.65822442721412,169.4639394511676,171.43089294433594,43816600,173.35682525634766,175.28591705322265,0.00254336966408375
2023-10-25,169.88895954662036,171.05528327402416,168.6731969171006,169.1179962158203,57157000,173.38993759155272,175.16038818359374,-0.01349171487584
2023-10-26,168.3964558542296,169.39476582537458,163.75090293239452,164.95677185058594,70625300,173.20213928222657,174.96903106689453,-0.024605449794497414
2023-10-27,164.9765244498122,167.00278034322866,164.8974493569631,166.27134704589844,58499100,173.0543701171875,174.85476989746093,0.007969210239536118
2023-10-30,167.06208999172168,169.18717852998205,166.91381853056686,168.31736755371094,51131000,172.88337478637695,174.77174255371094,0.012305310230317001
2023-10-31,167.38827526603964,168.92030818010912,165.9550598323106,168.7918243408203,44846000,172.80281982421874,174.67151733398438,0.002818822525595621
2023-11-01,169.01917553597846,172.21175573979943,168.1493644262673,171.95477294921875,56934900,172.81814041137696,174.60707305908204,0.01873875479899967
2023-11-02,173.4868054165182,175.7206204672586,173.42750286114074,175.5130615234375,77334800,172.9495994567871,174.53689575195312,0.020693165494566346
2023-11-03,172.22162738228718,174.77174274032964,171.34193765305042,174.60369873046875,79829200,172.90808486938477,174.5422329711914,-0.005181168769295974
2023-11-06,174.33686186638658,177.3515193436343,174.1688329148246,177.15383911132812,63841300,172.91994552612306,174.55448944091796,0.014605305611514963
2023-11-07,177.10440348202485,180.32664987384885,176.89684453064555,179.71383666992188,70530000,173.08945999145507,174.58671173095703,0.014450703249986985
2023-11-08,180.23768527185777,181.32493395317235,179.4864793691692,180.77142333984375,49340300,173.24216995239257,174.56239685058594,0.005884837191831416
2023-11-09,180.8406289798602,181.98718027395728,179.70394133589065,180.2969970703125,53763500,173.3261863708496,174.45881134033203,-0.002624453914042313
2023-11-10,182.07849676599454,184.6517706680945,181.64301825007877,184.48350524902344,66133400,173.7114486694336,174.43460662841798,0.02322006603958182
2023-11-13,183.9094803756521,184.11731278262945,182.3160331472403,182.89996337890625,43627500,174.02396087646486,174.34729888916016,-0.008583650164168621
2023-11-14,185.77012344749633,186.17591157835597,184.38452385663774,185.51280212402344,60108400,174.54470520019532,174.30750427246093,0.014285616556982461
2023-11-15,185.91857611582427,187.55160515956638,185.84928859059917,186.07691955566406,53790500,175.15839691162108,174.41321868896483,0.0030408544595401654
2023-11-16,187.6209157424311,188.9966236513369,186.7103615664657,187.7594757080078,54412900,175.87499389648437,174.65834442138672,0.009042261428024334
2023-11-17,188.2938943366879,188.42256253993392,186.63117494967102,187.73965454101562,50922700,176.718106842041,174.89081787109376,-0.00010556679985096462
2023-11-20,187.93762437034974,189.93685974559065,187.92773262314063,189.48158264160156,46505100,177.64238662719725,175.13480346679688,0.009278423915525913
2023-11-21,189.442003783256,189.5508734120303,187.78917585688575,188.67991638183594,38134500,178.50483779907228,175.42324645996095,-0.00423084000349494
2023-11-22,189.52115946327928,190.9463411053134,188.8679417719912,189.34300231933594,39617700,179.51608810424804,175.76626647949217,0.003514342968851558
2023-11-24,188.9075250877743,188.93721542830764,187.30418629136327,188.01678466796875,24048300,180.6690887451172,176.05251678466797,-0.007004312993466044
2023-11-27,187.9672912540552,188.7095799535061,186.95777439426936,187.838623046875,40552600,181.74745254516603,176.3496353149414,-0.0009475835969027235
2023-11-28,187.82873180101734,189.1153685705385,187.45263402635211,188.44235229492188,38415400,182.75370178222656,176.60031372070313,0.0032140847193935507
2023-11-29,188.93724161752115,190.11500896160672,187.02709230289176,187.4229736328125,43014200,183.68525924682618,176.80885955810547,-0.005409498712444449
2023-11-30,187.88812439803064,188.36320007044645,186.2550951920731,187.9969940185547,48794400,184.48737030029298,177.0996566772461,0.003062700236881266
2023-12-01,188.37309535289532,189.5904446947665,187.28439912721964,189.27374267578125,45704800,185.17540435791017,177.44682678222657,0.006791324850122571
2023-12-04,188.02667840765253,188.09596593756666,185.52269231677565,187.48233032226562,43389500,185.8193359375,177.74116851806642,-0.009464663868269607
2023-12-05,188.25433276481266,192.40123993854135,188.22462732075607,191.4313201904297,66628400,186.53320999145507,178.08898864746095,0.021063264262696668
2023-12-06,192.45072587794942,192.75753614335477,190.1347886146608,190.34263610839844,41089700,187.0646499633789,178.49648040771484,-0.005687073990547908
2023-12-07,191.63914867608756,192.99505783958267,191.5995514892092,192.27256774902344,47477700,187.63970718383788,178.97281677246093,0.010139250354428864
2023-12-08,192.203315195023,193.97491963358075,191.67876563770596,193.6977996826172,53406400,188.30974731445312,179.4725180053711,0.007412559941749608
2023-12-11,191.12451418849048,191.50061200003438,189.45188773429211,191.19378662109375,60943700,188.64526138305663,179.91185913085937,-0.012927421300739539
2023-12-12,191.094792823406,192.71793007544312,189.74877546060196,192.70803833007812,52696900,189.13566513061522,180.3312744140625,0.007919983885173565
2023-12-13,193.08415015292962,195.96423418895137,192.8466274130704,195.92465209960938,70404200,189.65625762939453,180.841708984375,0.016691642950678043
2023-12-14,195.98403383047588,197.567574144968,194.14315707722483,196.07310485839844,66831600,190.15606689453125,181.33020385742188,0.0007577033170567127
2023-12-15,195.4990685795855,196.36011872958818,194.9745190512041,195.53866577148438,128538400,190.54502639770507,181.78329956054688,-0.00272571338787142
2023-12-18,194.07387143964067,194.6083278162061,192.39135323196817,193.8759307861328,55751900,190.85184020996093,182.1521383666992,-0.00850335650389833
2023-12-19,194.14313632648785,194.92500710230044,193.87590816937887,194.9151153564453,40714100,191.12351684570314,182.51210815429687,0.005360049419743884
2023-12-20,194.87553713507947,195.6475162401682,192.8268280029297,192.8268280029297,52242800,191.33086242675782,182.84217376708983,-0.010713829708366762
2023-12-21,194.08377332368417,195.05369307239374,191.51049958819766,192.67835998535156,46482500,191.49763031005858,183.141396484375,-0.0007699551930391291
2023-12-22,193.17322354105164,193.4008696387368,190.98595440796598,191.60948181152344,37149600,191.67726516723633,183.40125274658203,-0.005547473903708688
2023-12-26,191.6193643540786,191.89648427525853,190.84738527337694,191.06512451171875,28919300,191.8385902404785,183.68699005126953,-0.0028409726630341803
2023-12-27,190.5108903848591,191.5105004803971,189.12527563548673,191.16409301757812,48087700,191.97467727661132,183.97727752685546,0.000517983101899322
2023-12-28,192.14390044821914,192.65855816674446,191.18387253758047,191.58966064453125,34049900,192.18301162719726,184.3071124267578,0.002226190181615184
2023-12-29,191.90641613972983,192.40127540270169,189.75872875066062,190.55050659179688,42672100,192.31068725585936,184.64206085205078,-0.005423852462802747
2024-01-02,185.22577720716953,186.5025222946912,181.99930092657837,183.73130798339844,82488700,192.03356552124023,184.84813629150392,-0.03578683011851935
2024-01-03,182.32590048043423,183.96883642924203,181.5440145919006,182.3555908203125,58414500,191.77722854614257,185.0777001953125,-0.007487657809578385
2024-01-04,180.27718031693732,181.2075179249861,179.0202489631632,180.03965759277344,71983600,191.20764541625977,185.25857360839845,-0.012700094453485189
2024-01-05,180.1188384374096,180.88091065327836,178.31754388665928,179.31715393066406,62379700,190.65637130737304,185.416298828125,-0.004013025084415478
2024-01-08,180.21780632812883,183.6917273170526,179.63387614033877,183.65213012695312,59144500,190.22534942626953,185.70698150634766,0.02417491077270406
2024-01-09,182.0289926299427,183.24634194188326,180.85122540618832,183.2364501953125,42841800,189.7022819519043,186.07257507324218,-0.0022634092583259102
2024-01-10,182.4545871112419,184.48349768333688,182.02900036017593,184.27566528320312,46792900,189.35637588500975,186.4326614379883,0.005671443027754242
2024-01-11,184.62205313633504,185.12681915669637,181.73207738578324,183.68182373046875,49128400,188.9050651550293,186.73995056152344,-0.003222571747722225
2024-01-12,184.14698280822722,184.8199990991005,183.28593272766105,184.0084228515625,40477800,188.30925369262695,187.04428253173828,0.0017780698953262508
2024-01-16,180.28710192352952,182.3655014396163,179.06973745492456,181.7419891357422,65603000,187.59269790649415,187.24002685546876,-0.012317010714496535
2024-01-17,179.40623600410183,181.04915686376333,178.44620806884475,180.80172729492188,47317400,186.85585098266603,187.34580017089843,-0.005173608175477962
2024-01-18,184.1766439809261,187.19528731081454,183.91932270270127,186.69053649902344,78005800,186.49658126831054,187.58753692626954,0.03257053620121564
2024-01-19,187.38340138142036,189.976458962962,186.87865039397764,189.59046936035156,68903000,186.23034896850587,187.83626953125,0.01553336829873686
2024-01-22,190.32285100501898,193.32169654358245,190.28325381202234,191.89649963378906,60133900,186.18383255004883,188.07992279052735,0.01216321833696421
2024-01-23,193.01488956324005,193.73737977781175,191.83712223283266,193.17323303222656,42355600,186.20857620239258,188.327958984375,0.006653239641546405
2024-01-24,193.41073733606618,194.36087349468033,192.3418398208385,192.5001983642578,53631300,186.25311203002929,188.5720230102539,-0.003484098999660401
2024-01-25,193.21282181305796,194.2520291241628,191.1245154438125,192.17361450195312,54822100,186.30853652954102,188.7258251953125,-0.0016965377962193662
2024-01-26,192.27260502262163,192.7575573916286,189.9665592517261,190.44161987304688,44594000,186.27241287231445,188.8766583251953,-0.00901265573525778
2024-01-29,190.03581744325376,190.22386634852867,187.63080907007364,189.75869750976562,47145600,186.18086471557618,188.96157623291015,-0.0035859932494614055
2024-01-30,188.97682064057707,189.82797900977772,185.54249682198056,186.10662841796875,55859400,185.95867080688475,188.96217041015626,-0.019245858765493118
2024-01-31,185.1169301713608,185.17632596329628,182.45460025625744,182.5040740966797,55467800,185.89730911254884,188.85706237792968,-0.01935747453980119
2024-02-01,182.0982797244824,185.02783750412453,181.93002942176474,184.9387664794922,64885400,186.0264678955078,188.80104461669922,0.013340482369301743
2024-02-02,178.01074479617154,185.40394215196616,177.40701599262258,183.9391632080078,102551700,186.22144317626953,188.69019622802733,-0.00540504995525215
2024-02-05,186.21550453356022,187.3042007769885,183.92925752426459,185.75033569335938,69668800,186.5431022644043,188.6316046142578,0.009846584347583454
2024-02-06,184.93875326056028,187.36355995873058,184.8496822422945,187.35366821289062,43490800,186.72817916870116,188.59181793212892,0.00863165341557215
2024-02-07,188.67988890685803,189.08567701882757,186.6707620426896,187.46253967285156,53439000,186.93948364257812,188.58073303222656,0.000581101298946729
2024-02-08,187.44274927884152,187.59120098390878,185.42373058041275,186.38375854492188,40962000,187.04488830566407,188.5516357421875,-0.00575464906115275
2024-02-09,186.9485964735415,188.2765227675386,186.30446474496694,187.1468048095703,45155200,187.21813735961913,188.52572479248047,0.004093952555767055
2024-02-12,186.72069342042812,186.9684387436886,185.10538907399385,185.46214294433594,41781900,187.29082336425782,188.48650817871095,-0.009001820078887168
2024-02-13,184.09459726813964,184.53063145226378,181.85496988989732,183.3711700439453,56529500,187.37228240966797,188.39399169921876,-0.011274391998253863
2024-02-14,183.64865818230027,183.85675578337245,180.79462725534452,182.48919677734375,54630500,187.45665588378907,188.25830078125,-0.004809770622013265
2024-02-15,181.8946109768474,182.82613576875198,179.71445525689393,182.20181274414062,65434500,187.23221969604492,188.1526904296875,-0.0015748002527172789
2024-02-16,181.76577652013776,183.18288755084293,180.03155935687485,180.66578674316406,49752500,186.78598556518554,187.93737976074217,-0.00843035520801072
2024-02-20,180.15046783149373,180.78469520216953,178.3766181157698,179.92254638671875,53665600,186.18728790283203,187.7289779663086,-0.00411389654811567
2024-02-21,180.2991272502037,181.24055639365764,179.03067248659073,180.6757049560547,41371400,185.56241149902343,187.49704071044923,0.0041860155075681416
2024-02-22,181.82524161821627,183.29190480468338,180.81445159653885,182.70721435546875,52292200,185.072762298584,187.27722900390626,0.011243954464758676
2024-02-23,183.3414504606763,183.37117869088894,180.58652357235425,180.87391662597656,45119700,184.50777740478514,187.0708316040039,-0.010034074111191837
2024-02-26,180.59641504961763,181.11171437415507,179.0207434868858,179.52615356445312,40867400,183.96200408935547,186.8071939086914,-0.007451395351328771
2024-02-27,179.46671005654383,182.26126931281985,177.94059046680667,180.98291015625,54318900,183.5232147216797,186.50835906982422,0.008114453314312708
2024-02-28,180.86399474191828,181.4684939502017,178.50546948959806,179.78382873535156,48953900,183.20707473754882,186.1825735473633,-0.0066253847938637644
2024-02-29,179.63517226295397,180.92345088953732,177.9108594746495,179.11985778808594,136682600,183.03786392211913,185.8541973876953,-0.003693162794096594
2024-03-01,177.93069482167198,178.90185225837237,175.78026722267666,178.03970336914062,73563100,182.69291076660156,185.53747283935547,-0.006030344330795634
2024-03-04,174.56133114426578,175.30456703921072,172.22261492332544,173.52081298828125,81510100,182.17199325561523,185.1095867919922,-0.025381363231605003
2024-03-05,169.21993595014084,170.48839061409436,168.09021804252058,168.58570861816406,95132400,181.31376190185546,184.62476440429688,-0.028440993821591154
2024-03-06,169.5172478388351,169.69563232435493,167.15870765798908,167.59474182128906,68587700,180.3258155822754,184.12309204101564,-0.005878118643612207
2024-03-07,167.62447121611535,169.1902233947002,166.97043508778398,167.475830078125,71765100,179.32648010253905,183.64041900634766,-0.000709519534275449
2024-03-08,167.47585303050033,172.13346248699506,167.41639656715574,169.19024658203125,76267000,178.46680450439453,183.2029214477539,0.010236799561503807
2024-03-11,171.38030546468005,172.80732093128213,170.49833272784605,171.1920166015625,60139500,177.66906509399413,182.80347991943358,0.01183147409481844
2024-03-12,171.58838326620315,172.46045153320196,169.4676841705973,171.66766357421875,59825400,176.97934112548828,182.40503997802733,0.0027784413204459124
2024-03-13,171.21183277143888,171.62804307697533,169.21995080494636,169.5866241455078,52488700,176.2901138305664,181.98576232910156,-0.012122489380833379
2024-03-14,171.35057361629615,172.73794133442243,170.49832912625453,171.43975830078125,72913500,175.73764190673828,181.73993133544923,0.010927360365894367
2024-03-15,169.6262365278927,171.0631561279297,168.75416830335303,171.0631561279297,121752700,175.18070907592772,181.51408264160156,-0.002196702658614602
2024-03-18,173.98658058844927,176.107279800922,171.95506605696912,172.15325927734375,75604200,174.7550827026367,181.35635467529298,0.006372518630480606
2024-03-19,172.76767622994936,175.0172080151,171.46949314620932,174.4919891357422,55215200,174.4835548400879,181.25985137939452,0.013585161664762202
2024-03-20,174.1352325028599,177.05862426757812,173.51090945491785,177.05862426757812,53423100,174.30270080566407,181.12798126220704,0.01470918604658289
2024-03-21,175.45322885093574,175.8892630091755,169.29922879245808,169.82444763183594,106181300,173.65856246948243,180.8597412109375,-0.040857521996836565
2024-03-22,170.210942813777,171.48931715990707,168.5262776263353,170.72625732421875,71160100,173.15117950439452,180.5887530517578,0.005310246580856548
2024-03-25,169.0316847755244,170.38932429506946,167.92177545566648,169.3091583251953,54288300,172.64032974243165,180.30129974365235,-0.008300416240791142
2024-03-26,168.4668059986792,169.87399750483326,168.0505957042821,168.17942810058594,57388400,172.00015563964843,179.9847198486328,-0.006672587802010521
2024-03-27,168.87312383270142,172.0343565405087,168.57582642397568,171.74696350097656,60273300,171.5983123779297,179.7848193359375,0.02121267411051564
2024-03-28,170.2010103030642,170.67667701496117,168.97218824939392,169.93344116210938,65672700,171.13899154663085,179.56745361328126,-0.010559268716601622
2024-04-01,169.64609346633853,169.70554992575666,167.9515087670476,168.49655151367188,46240500,170.6618339538574,179.20357391357422,-0.008455602608945956
2024-04-02,167.5551169522469,167.81276664190898,166.71277681419204,167.31727600097656,49329500,170.35165710449218,178.75811004638672,-0.006998810967354552
2024-04-03,167.2677201117247,169.14067408704202,167.05962251511946,168.11996459960938,47691700,170.32836990356446,178.2825793457031,0.0047974041761720265
2024-04-04,168.7541832986243,170.3694875068381,167.29745483398438,167.29745483398438,53704400,170.31350555419922,177.7650637817383,-0.004892397923018099
2024-04-05,168.06050251317026,168.85329051832247,167.42627513328318,168.05059814453125,42104800,170.34224395751954,177.27607177734376,0.004501821688167595
2024-04-08,167.50555706407098,167.67402205960258,166.72268854116854,166.9307861328125,37425500,170.2292709350586,176.77121520996093,-0.006663540767380405
2024-04-09,167.17854792228746,168.54610700117138,166.8317135282985,168.13980102539062,42373800,170.07666015625,176.3251788330078,0.007242611866790094
2024-04-10,167.27765088979615,167.56502882108228,165.60289002910008,166.266845703125,49709300,169.8066192626953,175.855341796875,-0.011139274049591585
2024-04-11,166.82179288243998,173.877590209879,166.64342350182488,173.46136474609375,91070300,170.0003562927246,175.6024365234375,0.043270917978529555
2024-04-12,172.6883626870387,176.75139128420307,172.63882572850417,174.9577178955078,101670900,170.17625427246094,175.45150939941405,0.008626434777590841
2024-04-15,173.77844021277133,175.0369903996079,170.9442337612168,171.1325225830078,73531800,170.17972259521486,175.17538452148438,-0.021863541423102983
2024-04-16,170.20100688366134,172.19287348566485,166.75239682964104,167.85238647460938,73711200,169.9646789550781,174.8536489868164,-0.019167228174337247
2024-04-17,168.08034382587564,169.11095775477588,166.48486328125,166.48486328125,50901200,169.5643226623535,174.4683395385742,-0.008147177541418138
2024-04-18,166.5145391754465,167.11903820102137,165.04789150334545,165.53346252441406,43122900,168.98806457519532,174.0319354248047,-0.0057146381844257466
2024-04-19,164.71098041837104,164.89925413145542,162.60018577080248,163.5118865966797,68149400,168.6724365234375,173.55292236328125,-0.012212491039002016
2024-04-22,164.0272236912775,165.75152141981465,163.28398774037723,164.34432983398438,48116400,168.35334014892578,173.1121337890625,0.005091025824673023
2024-04-23,163.85873621547074,165.54340111554177,163.4326064657252,165.39474487304688,49537800,168.15761947631836,172.67709259033202,0.006391550229470022
2024-04-24,165.03800691456527,167.77312477902248,164.71099641624178,167.4956512451172,48251800,168.12343063354493,172.31776275634766,0.012702376811808191
2024-04-25,168.00106471763377,169.07132637527934,166.63350563489078,168.35781860351562,50558300,167.95397338867187,172.01749572753906,0.005147401451854439
2024-04-26,168.3478879652858,169.79471202253325,167.6541890412428,167.7731170654297,44838400,167.8459571838379,171.72317413330077,-0.0034729693158054298
2024-04-29,171.8064245491769,174.44243845784558,171.5388704832316,171.9352569580078,68169400,168.01789245605468,171.51784301757812,0.024808145460842423
2024-04-30,171.76676673002254,173.4117990890393,168.46679764398493,168.7938232421875,65934800,168.09171981811522,171.28040374755858,-0.01827102696329208
2024-05-01,168.05059058657778,171.15236652369296,167.58482822154218,167.7731170654297,50383100,168.07437744140626,171.0374151611328,-0.006047058815021322
2024-05-02,170.95416794412498,171.8559644998941,169.34878317714927,171.469482421875,94214900,168.2829788208008,170.85329071044922,0.022031928720760208
2024-05-03,184.9666483851495,185.313497878847,181.01264278710423,181.7261505126953,163224100,168.96675643920898,170.83366943359374,0.05981628885765988
2024-05-06,180.70544017490002,182.53874644704828,178.79283846563771,180.0712127685547,78569700,169.6237777709961,170.81761535644532,-0.00910676718497383
2024-05-07,181.79552305097843,183.23244296383282,179.6847430878599,180.75498962402344,77305800,170.25453720092773,170.84219207763672,0.0037972580122931365
2024-05-08,181.20091221961113,181.41892928578648,179.81352951475225,181.09190368652344,45057100,170.99579010009765,170.84437194824218,0.0018639267618603128
2024-05-09,180.91352883975787,182.99459544718977,180.4675903156434,182.90541076660156,48983000,171.46799240112304,170.90680358886718,0.01001429132479248
2024-05-10,183.48093424482693,183.669478466616,180.73220418072017,181.6451416015625,50759500,171.80236358642577,170.95730926513673,-0.006890278203126821
2024-05-13,184.01680743143146,185.6640710757596,183.2030934113359,184.85035705566406,72044800,172.4882553100586,171.0935223388672,0.017645478573449447
2024-05-14,186.07091921634225,186.8548647149755,184.8602810891409,185.9915313720703,52393600,173.39521255493165,171.34293670654296,0.00617350344669676
2024-05-15,186.46788560358823,189.18684774302332,185.9320213621053,188.2639923095703,70400000,174.48416900634766,171.7365023803711,0.012218088214747791
2024-05-16,189.00821119957226,189.6333810173086,188.2044300863017,188.38304138183594,52845200,175.62664794921875,172.15226837158204,0.0006323517885984398
2024-05-17,188.05558877384672,189.34561487480414,187.72811956148706,188.41282653808594,41282900,176.87169494628907,172.57100830078124,0.00015810954123862686
2024-05-20,187.87695420764547,190.44707314635468,187.5594028379898,189.57382202148438,44361300,178.13316955566407,172.9786798095703,0.006161976892606891
2024-05-21,189.62343971650407,191.25085261805762,189.4547462309282,190.873779296875,42309400,179.40712127685546,173.37231506347655,0.006857261522338787
2024-05-22,190.79438668312676,191.34016861791716,188.80973611420333,189.4348907470703,34648500,180.50408325195312,173.7276596069336,-0.007538429610945752
2024-05-23,189.51429520164533,189.5341459487459,185.19768892080702,185.44577026367188,51005900,181.35848083496094,174.0448425292969,-0.02105800292473381
2024-05-24,187.37087155015982,189.11735863774422,186.59684388111853,188.52195739746094,36327000,182.3959228515625,174.38648651123046,0.016588068465596573
2024-05-28,190.04021443649896,191.5187845976106,187.64872194997955,188.53189086914062,52280100,183.22575454711915,174.7358612060547,5.2691324749831736e-05
2024-05-29,188.15481585355153,190.7745542503335,188.05557725890648,188.82958984375,53068000,184.22754287719727,175.06938781738282,0.001579037759802615
2024-05-30,189.29596821795033,190.70506832278696,189.16697622567534,189.8218994140625,49889100,185.3299819946289,175.3759860229492,0.005255053358605544
2024-05-31,189.9707702687458,191.09210277636024,188.45251367186646,190.77455139160156,75158300,186.29523544311525,175.65030456542968,0.005018662127392437
2024-06-03,191.41954585254337,193.49351725389894,191.04247253185534,192.54087829589844,50080500,186.8359718322754,176.10463317871094,0.009258713446905986
2024-06-04,193.1462119125533,193.82100104656786,191.548567440495,192.8584442138672,47471400,187.475333404541,176.5472769165039,0.001649342834515899
2024-06-05,193.9003813531384,195.38886948576234,193.37445009094603,194.3667755126953,54156800,188.15592269897462,177.0484292602539,0.007820924331192192
2024-06-06,194.1881470745491,194.9919281725913,192.67980832687616,192.9874267578125,41181800,188.75069885253907,177.54458923339843,-0.007096628275302774
2024-06-07,193.15610745634936,195.42854080055034,192.65002702042116,195.37892150878906,53103900,189.37437438964844,178.0172283935547,0.012391971804348367
2024-06-10,195.3888517006261,195.7857909182053,190.6753063763642,191.6378631591797,97010200,189.8740104675293,178.4513168334961,-0.01914770703369395
2024-06-11,192.16378906024917,205.57011360777915,192.14395345618084,205.5601806640625,172373300,190.9095016479492,179.1925894165039,0.07264909593214641
2024-06-12,205.77850209290926,218.51003809526938,205.3121079690946,211.4347686767578,198134300,192.1816635131836,180.07493927001954,0.028578433788671642
2024-06-13,213.09194207290335,215.08651049080893,209.97604121171418,212.5957794189453,97862700,193.39825286865235,180.96445556640626,0.005491106072353036
2024-06-14,212.20878551515116,213.5186471242216,209.67835280423736,210.85922241210938,70122700,194.522061920166,181.83569091796875,-0.008168351279513653
2024-06-17,211.73244926121387,217.2696263789355,211.08744385812574,215.0071258544922,93728300,195.85177688598634,182.77482147216796,0.01967143478446509
2024-06-18,215.92007781385274,216.95210469802018,211.36530791117931,212.64540100097656,79943300,197.00535583496094,183.68911376953125,-0.01098440269888512
2024-06-20,212.28815296354617,212.59578653831548,207.24715355520107,208.07077026367188,86172500,197.86520538330078,184.48773315429688,-0.02151295403413722
2024-06-21,208.77535128006048,210.26383945834172,205.52052500822026,205.89761352539062,241805100,198.6883415222168,185.2803485107422,-0.010444315342935329
2024-06-24,206.12581247138846,211.0675882243761,205.00448003735443,206.54258728027344,80727000,199.74318237304686,185.9419729614258,0.0031324974769717517
2024-06-25,207.54484206411715,209.75773850908567,207.0089930344414,207.46546936035156,55549700,200.69035797119142,186.59212799072264,0.0044682411130338995
2024-06-26,209.87681864015101,213.2110325348534,209.0234182045521,211.61338806152344,66213200,201.84443283081055,187.40174530029296,0.019993296783125114
2024-06-27,213.0423164247351,214.0842609953053,210.72027890747495,212.45684814453125,49772700,203.02579574584962,188.2938345336914,0.003985854064973315
2024-06-28,214.1140554431902,214.41175609103416,208.686034302842,209.00357055664062,82542700,203.98487930297853,189.1442086791992,-0.016254018724505492
2024-07-01,210.46227761796723,215.84067914098924,210.29358412725625,215.08651733398438,60402900,205.20047760009766,190.1352697753906,0.02910451128247704
2024-07-02,214.4911377013164,218.68868521261126,213.44920810314017,218.57952880859375,58046200,206.5024101257324,191.23662261962892,0.016240029909385
2024-07-03,218.31157833867707,219.8496856689453,217.34902153194005,219.8496856689453,37369800,207.85197219848632,192.34672973632811,0.0058109598244391325
2024-07-05,219.94891212590596,224.71207692855523,219.94891212590596,224.60292053222656,60412400,209.3637794494629,193.5308932495117,0.02162038507727848
2024-07-08,225.34717053841655,226.10134753003678,221.53664465186893,226.0715789794922,59085900,211.0179870605469,194.70241180419922,0.006538910730926606
2024-07-09,226.180713251394,227.63943274976205,224.63268810415036,226.92495727539062,48076100,212.59528884887695,195.87375457763673,0.0037748145952298806
2024-07-10,227.54020555015646,231.29119415797783,227.49058625437067,231.19195556640625,62627700,214.57299346923827,197.14213134765626,0.01880356547048856
2024-07-11,229.61416127735984,230.60648662367137,224.03729767642758,225.823486328125,64710600,215.5861587524414,198.2198959350586,-0.02322083060861191
2024-07-12,227.16311346469493,230.8545649156238,226.92494993371525,228.7706756591797,53046500,216.4529541015625,199.41943298339845,0.01305085391681704
2024-07-15,234.66509753137677,235.409341553401,231.30111515749465,232.60105895996094,62631300,217.45321807861328,200.71599182128907,0.01674333167808495
2024-07-16,233.19646408342908,234.4567215545301,230.54695713829173,233.01785278320312,43234300,218.56114959716797,201.94695922851562,0.001791882741659867
2024-07-17,227.68904591405493,229.6836295353235,224.9006141352506,227.12342834472656,57345900,219.16696472167968,202.85490478515624,-0.025296020747220038
2024-07-18,228.5126628842939,228.6714385621368,220.5641428905974,222.45947265625,66034600,219.65766830444335,203.70266998291015,-0.020534894715474428
2024-07-19,223.09459660515446,225.0593965950336,221.56640705838353,222.5885009765625,49151500,220.3835548400879,204.53934020996093,0.0005800082090092751
2024-07-22,225.26777593230437,226.03187070395737,221.3778623137636,222.24119567871094,48201800,221.20073394775392,205.3623260498047,-0.0015603020655956534
2024-07-23,222.6480544130964,225.19833806517673,220.9710219946754,223.28314208984375,39960300,222.03776168823242,206.16988067626954,0.004688358555445804
2024-07-24,222.2808652028311,223.07472846403482,215.4635952984219,216.86276245117188,61777600,222.50762634277345,206.87423309326172,-0.028754430713306967
2024-07-25,217.24978234747041,219.15506035064124,212.97286249707204,215.8208465576172,51391200,222.71799926757814,207.4936428833008,-0.0048044942422481585
2024-07-26,217.02154248476683,217.80548795978973,214.35218497553956,216.2872314453125,41601300,222.90951843261718,208.09955688476563,0.0021609816434984275
2024-07-29,215.29491873308154,217.61695646267233,214.0941983741811,216.56509399414062,36311800,223.2875946044922,208.66557891845704,0.0012846923369971286
2024-07-30,217.50781013919521,218.63906050664175,214.4613638470993,217.1208038330078,41643800,223.38930892944336,209.24033416748046,0.002566017582142033
2024-07-31,219.74053796301214,222.10227724921992,218.93675681546986,220.37562561035156,50036300,223.47911376953124,209.8795901489258,0.014990833305163598
2024-08-01,222.64805942815178,222.75721583481788,215.35447635552063,216.68418884277344,62501000,223.32083892822266,210.42179748535156,-0.01675065814267951
2024-08-02,217.468110743228,223.8686218452105,216.03917485082664,218.17266845703125,105568600,222.99932632446288,210.96777526855467,0.006869350376726535
2024-08-05,197.562059997048,211.8614726265992,194.4957781490091,207.6639404296875,119548600,222.07894439697264,211.33235626220704,-0.048167023402445275
2024-08-06,203.72440665766518,208.37841518370308,199.52687447574846,205.63958740234375,69660500,221.01467590332032,211.73623260498047,-0.009748216388242747
2024-08-07,205.31211338628992,212.00039184379946,204.80603289763474,208.209716796875,63516400,219.86556396484374,212.12998779296876,0.012498222871370812
2024-08-08,211.4744658055274,212.55609685346144,207.22731432081122,211.6729278564453,47161100,219.15803604125978,212.59280853271486,0.016633282600105215
2024-08-09,210.47221789303094,215.11629337558463,210.3432107490655,214.5804443359375,42201600,218.44852447509766,213.1078256225586,0.013735892014797635
2024-08-12,214.65991863613397,218.07745621052726,214.19298467780987,216.11038208007812,38028100,217.6239906311035,213.63359527587892,0.007129902954928324
2024-08-13,217.58074300671984,220.441953079239,217.58074300671984,219.8260040283203,44155300,216.9643981933594,214.21462432861327,0.017193167271646326
2024-08-14,219.13055181670978,221.5744891931242,218.2662191901357,220.27304077148438,41960600,216.62187881469725,214.769267578125,0.0020335935465873867
2024-08-15,223.1342364732981,223.87934187315213,221.30623303799138,223.25344848632812,46414000,216.66157760620118,215.37716766357423,0.013530515147950783
2024-08-16,222.45869413327577,225.34970708383625,222.19045191126241,224.57479858398438,44340200,216.76089248657226,215.981328125,0.005918610021995452
2024-08-19,224.2469437652095,224.51518597934856,221.58442566604344,224.41583251953125,40687800,216.86962432861327,216.60989624023438,-0.0007078535323440382
2024-08-20,224.29662301984854,225.68748051768907,223.97870407222223,225.0317840576172,30299000,216.95705642700196,217.20295349121093,0.0027446884258146564
2024-08-21,225.04174306182065,226.49220666639903,223.58133501497932,224.92251586914062,34765500,217.36004409790038,217.86864654541014,-0.00048556780071828953
2024-08-22,226.30341677619586,226.84983046212884,222.43880384726458,223.064697265625,43695300,217.72223663330078,218.21873687744142,-0.008259816036365608
2024-08-23,224.187342377279,226.73063334528243,222.866020162344,225.35963439941406,38677300,218.17585678100585,218.49723419189453,0.010288213069664875
2024-08-26,225.28016094798537,225.79677167752968,222.42889539152742,225.69741821289062,30602200,218.63247299194336,218.75926696777344,0.0014988656436933923
2024-08-27,224.52511915345738,227.35652605602343,223.4223624308928,226.5418701171875,35934600,219.10352630615233,219.072919921875,0.0037415222158205808
2024-08-28,226.43257756563742,228.35991942602843,224.20719049274723,225.0119171142578,38052200,219.33534088134766,219.2730157470703,-0.006753510960857967
2024-08-29,228.59837969678284,231.3999685703833,227.38634017099784,228.29039001464844,51906300,219.9156509399414,219.58591552734376,0.014570218957451253
2024-08-30,228.68777538921813,228.89639643358683,225.99545426270925,227.5055389404297,52990800,220.38229446411134,219.9746109008789,-0.0034379505601106475
2024-09-03,227.05848641015993,227.50554667965343,219.72664341730942,221.3162078857422,50190600,221.06490783691407,220.28298278808595,-0.027205188425360127
2024-09-04,220.2134333758585,220.33264539565292,216.06070449558098,219.40872192382812,43840200,221.75336456298828,220.54030548095704,-0.008618826339636287
2024-09-05,220.1836512012438,224.0085170705176,220.07436845302396,220.9287567138672,36615400,222.3893165588379,220.80957122802735,0.0069278685765590264
2024-09-06,222.48846914066658,223.77005891628232,218.3357556594125,219.37890625,48423000,222.7746154785156,220.96488159179688,-0.007015159488153233
2024-09-09,219.37892899374344,219.82598924771256,215.2957503769675,219.4683380126953,67180000,223.0190101623535,221.10511138916016,0.00040765889585303583
2024-09-10,217.49130185519834,220.0345925843304,215.31559161387113,218.6735382080078,51591000,223.14716796875,221.2985107421875,-0.0036214782135978174
2024-09-11,220.01475867053273,221.63411098197892,216.4680492147489,221.20692443847656,44587100,223.21621398925782,221.42091888427734,0.011585243698114533
2024-09-12,221.04796566036197,222.09111639532034,218.38546260882887,221.3162078857422,37455600,223.26837234497071,221.4756524658203,0.0004940326689277796
2024-09-13,222.12089674811224,222.57788625371046,220.461797151476,221.04794311523438,36766600,223.15809707641603,221.4996176147461,-0.0012121334134114203
2024-09-16,215.126845002842,215.80241517960704,212.52394807405793,214.90829467773438,59357400,222.6747718811035,221.30572509765625,-0.02777518917830124
2024-09-17,214.34200737227792,215.48449636527135,213.10016491936787,215.37521362304688,45519300,222.2227409362793,221.09179779052735,0.0021726427358825795
2024-09-18,216.13026348358338,221.25659276615585,216.12031904206836,219.24977111816406,59894900,221.93364028930665,220.9382940673828,0.017989802215117034
2024-09-19,223.52171975466862,228.32020097310811,223.16406850984052,227.3763885498047,66781300,222.05633392333985,220.8619827270508,0.03706556859875043
2024-09-20,228.46919216926284,231.56882586153637,226.13452245924367,226.7107391357422,318679900,222.2386360168457,220.87972778320312,-0.0029275221508617832
2024-09-23,225.85638298730962,227.95261380296742,224.33636892980346,224.9920654296875,54146000,222.2202575683594,220.8041555786133,-0.0075809099851491535
2024-09-24,227.15781488965328,227.85325878901892,224.25687274556688,225.88616943359375,43556100,222.22969512939454,220.66985778808595,0.003973935712793697
2024-09-25,223.46208007568333,225.80667911779153,222.5580303354434,224.89268493652344,42308700,222.14723587036133,220.50735443115235,-0.004398164347828248
2024-09-26,225.81662129607273,227.00878694842402,223.93895622483703,226.03518676757812,36636700,222.19839935302736,220.48558959960937,0.005080208951114384
2024-09-27,226.9690772008412,228.02215721764472,225.81664372013879,226.30343627929688,34026000,222.09905166625975,220.56246887207033,0.0011867599711126164
2024-09-30,228.53875664504176,231.4794464111328,228.15130238402674,231.4794464111328,54541900,222.29774703979493,220.74028778076172,0.022871990885051652
2024-10-01,228.02214574584622,228.15128705136544,222.2798675150603,224.73374938964844,63285000,222.46862411499023,220.79013885498046,-0.029141667331894716
2024-10-02,224.41582711263038,225.8861642954019,221.56456176324298,225.30001831054688,32880600,222.76318893432617,220.83047637939453,0.0025197324497827633
2024-10-03,223.6707104185886,225.3298099915582,221.86259582618194,224.19725036621094,34044200,222.92661361694337,220.97716613769532,-0.004894664246391289
2024-10-04,226.41269745663615,226.51205091107013,222.66731173997377,225.31988525390625,37245100,223.22366256713866,221.1671469116211,0.005007353506171652
2024-10-07,223.0348997045567,224.21713611955545,219.885589131397,220.2432403564453,39505400,223.26240768432618,221.24626708984374,-0.022530833848686815
2024-10-08,222.83622285599392,224.50525191173782,221.79307211654884,224.296630859375,31855700,223.54356231689454,221.40089782714844,0.01840415395437156
2024-10-09,223.7601370790405,228.25064364916537,223.36275355639287,228.04200744628906,33591100,223.88531646728515,221.61932189941408,0.016698318528298728
2024-10-10,226.2934858996686,228.00226223679437,225.68746620848788,227.54525756835938,28183500,224.196768951416,221.76271453857422,-0.002178326193022495
2024-10-11,227.80358186995707,227.91286461183438,225.85636623992795,226.06500244140625,31759200,224.4476219177246,221.9503308105469,-0.0065053218105783905
2024-10-14,227.20748901369805,230.21771386522883,227.1081507143634,229.79052734375,39882100,225.19173355102538,222.18268798828126,0.016479883494170622
2024-10-15,232.08545910083197,235.9401430278398,230.85354589755886,232.3238983154297,64751400,226.03916778564454,222.6758871459961,0.01102469714902532
2024-10-16,230.0885769817669,230.60517253033711,228.34005309673006,230.26739501953125,34082200,226.59004898071288,223.16844329833984,-0.008851880115692157
2024-10-17,231.90660939150177,232.3238817771462,229.01561181125544,230.6349639892578,32993800,226.75297775268555,223.6169482421875,0.0015962701523390965
2024-10-18,234.63864623478992,234.63864623478992,232.48280980290272,233.4663543701172,46431500,227.09075851440429,224.05281677246094,0.012276501064215184
2024-10-21,232.9199708414818,235.30431748145634,232.9199708414818,234.9367218017578,36254500,227.5879913330078,224.45994232177733,0.006297984288175629
2024-10-22,232.36364046895116,234.67843677993508,231.0820656392084,234.32078552246094,38846600,228.00972213745118,224.824150390625,-0.0026217113892336164
2024-10-23,232.55238437433343,233.60546433739609,226.27362172475395,229.25404357910156,52287000,228.22779006958007,225.0127111816406,-0.02162310070812601
2024-10-24,228.47914643577636,229.3136761173618,226.91940013747097,229.0653076171875,31109500,228.37929611206056,225.1885565185547,-0.0008232612126159999
2024-10-25,228.24069596218243,231.6979808399029,228.07180722071536,229.89979553222656,38802300,228.55911407470703,225.32148345947266,0.0036430130940372507
2024-10-28,231.7973512193415,233.19813797949908,231.032372026897,231.87681579589844,36087100,228.5789825439453,225.46752380371095,0.008599486829011793
2024-10-29,231.5787930163908,232.80076177889833,230.80388451731673,232.1450653076172,35417200,228.94954833984374,225.62210845947266,0.0011568621502671128
2024-10-30,231.09197226998216,231.94636045913163,228.05194445904854,228.59835815429688,47070900,229.11446533203124,225.69343994140624,-0.015277977796428921
2024-10-31,227.84332326136388,228.33013097812315,223.89923027313517,224.4357147216797,64370100,229.1263885498047,225.68370391845704,-0.018209419639871327
2024-11-01,219.52794977327943,223.87937072005496,218.83252100898451,221.45529174804688,65276700,228.93315887451172,225.65151580810547,-0.01327962876732347
2024-11-04,219.54779428408165,221.33603510883145,218.27614895309117,220.56112670898438,44944500,228.94905319213868,225.55554565429688,-0.004037677456268707
2024-11-05,220.35251908634842,222.4884819564664,219.6968226591573,221.9917449951172,28111300,228.83380889892578,225.48143218994142,0.006486266675724828
2024-11-06,221.15724252476647,224.5946691536601,219.74651129717958,221.2665252685547,54561100,228.49503479003906,225.37592529296876,-0.0032668770029193883
2024-11-07,223.16407624917585,226.39286684724487,223.10447023283905,225.99546813964844,42137700,228.41754531860352,225.39559631347657,0.02137215679305382
2024-11-08,225.93576400556717,227.41767417057122,225.17989861433574,225.72691345214844,38328800,228.40064086914063,225.34432678222657,-0.0011883189061741017
2024-11-11,223.77757009002366,224.47376393957063,220.29658566640109,223.01174926757812,42005600,228.06170196533202,225.25445098876952,-0.012028535468128432
2024-11-12,223.33001798502116,224.36436096493557,222.14648085284745,223.01174926757812,40398300,227.59609451293946,225.28836181640625,0.0
2024-11-13,222.79294167641658,225.4185978724207,221.54973296285615,223.89691162109375,48566200,227.27757034301757,225.37812561035156,0.003969128785468401
2024-11-14,223.7974607959322,227.62653447284012,223.77756520755418,226.98007202148438,44923900,227.0948257446289,225.4991519165039,0.013770446309721018
2024-11-15,225.16997570047775,225.68715481951833,223.05155818805096,223.777587890625,47923700,226.6103874206543,225.5871255493164,-0.014109098223196614
2024-11-18,224.0262188410909,228.49183017609323,223.94665165924164,226.7811737060547,44633700,226.20261001586914,225.7333822631836,0.013422192292544155
2024-11-19,225.7467938634959,228.90952454109907,225.42854034251505,227.03973388671875,36211800,225.83855743408202,225.9007061767578,0.0011401307103171554
2024-11-20,226.82094870348703,228.68078414631773,224.6627401240164,227.75584411621094,35169600,225.7636474609375,226.0316845703125,0.0031541185202828004
2024-11-21,227.63650237265796,228.90954693288327,224.48372676835862,227.27845764160156,42108300,225.6743049621582,226.1509295654297,-0.002096044896067739
2024-11-22,226.82096032466632,229.46651233539,226.82096032466632,228.62112426757812,38168300,225.6103713989258,226.30239318847657,0.005907584202695659
2024-11-25,230.20248468460477,231.98275293866183,228.49182822914253,231.6048126220703,90152800,225.59677124023438,226.63632354736328,0.013050799063520024
2024-11-26,232.06231657216094,234.29015208323423,232.06231657216094,233.7829132080078,45986200,225.6786636352539,227.0044775390625,0.009404383964558116
2024-11-27,233.19613315216662,234.4095061449918,232.53971526898803,233.65362548828125,33498400,225.93142700195312,227.29255462646483,-0.0005530246755524049
2024-11-29,233.5342752849028,236.51797629056327,232.698842645531,236.04058837890625,28481400,226.51167068481445,227.46583862304686,0.010215817904116964
2024-12-02,235.9809120539101,239.4817769036961,235.8715090788613,238.28829956054688,48137100,227.35332107543945,227.69738983154298,0.009522562187620265
2024-12-03,238.5070985351772,241.44106801091166,237.60203896586935,241.3316650390625,38861000,228.39184799194337,228.02418182373046,0.012771778908692744
2024-12-04,241.55048900644988,242.78375758332757,239.9392952788925,241.68972778320312,44383900,229.37674713134766,228.34025299072266,0.0014836956604209472
2024-12-05,242.6644095132275,243.21140922639395,240.81451427308068,241.7195587158203,40033900,230.39939880371094,228.6767904663086,0.0001234265638461185
2024-12-06,241.59025685240857,243.30091318780651,240.76476447856876,241.5206298828125,36870600,231.17565689086913,228.9864993286133,-0.0008229736727332071
2024-12-09,240.516140724136,245.89675186527563,240.43657354260168,245.40940856933594,44649200,232.1597816467285,229.36861877441407,0.016101227826419207
2024-12-10,245.54863486606115,246.86147053083658,244.00705305092782,246.42385864257812,36914800,233.33038711547852,229.66750701904297,0.0041337048940224275
2024-12-11,246.61281718111218,249.43738355757404,244.92204129682997,245.1508026123047,45205800,234.43733978271484,230.07584808349608,-0.00516612326941901
2024-12-12,245.54862958315107,247.38858448031883,244.3451969163318,246.61282348632812,32777500,235.57313537597656,230.50210418701172,0.005963761319335958
2024-12-13,246.47359279661413,247.9355922748061,244.90217516923994,246.7819061279297,33155300,236.56322708129883,230.9537973022461,0.0006856198279199255
2024-12-16,246.6426692963963,250.01425073054844,246.3045049916291,249.67608642578125,51694800,237.85815200805663,231.4409213256836,0.011727684347941025
2024-12-17,248.72130738305802,252.45093348613432,248.42293425963442,252.1028289794922,51356400,239.1242347717285,232.07811309814454,0.009719563408938203
2024-12-18,250.7900177691265,252.89849494785605,246.39403346062903,246.7023468017578,56774100,240.10736541748048,232.52622741699219,-0.021421743657520365
2024-12-19,246.15534002348284,250.63089166027345,245.74756389880645,248.43289184570312,60882300,241.14121780395507,232.93404510498047,0.007014708479185838
2024-12-20,246.69239156062656,253.6145845456153,244.35516822034685,253.10736083984375,147495300,242.4326629638672,233.44528717041015,0.018815821686944068
2024-12-23,253.38583418491564,254.26104280923545,252.07299848460428,253.88311767578125,40858800,243.69576263427734,234.00164947509765,0.0030649319457300983
2024-12-24,254.10192745486222,256.80713572411884,253.90300191480816,256.7972106933594,23234700,244.95538253784179,234.54178314208986,0.011478088989357538
2024-12-26,256.78725468311694,258.6868812844183,256.23029959445824,257.61273193359375,27237100,246.1468734741211,235.04755981445314,0.0031757402583636463
2024-12-27,256.42919055718573,257.29448932345014,251.68511699924173,254.2013702392578,42355300,247.17426071166992,235.52623931884764,-0.01324220922130237
2024-12-30,250.85960874260036,252.1227129740064,249.3876539575231,250.82977294921875,35557500,247.91371994018556,235.93013549804687,-0.013263489834321796
2024-12-31,251.0684930674946,251.90392569582917,248.07483671879714,249.05946350097656,39480700,248.45227813720703,236.24199768066407,-0.007057812266172192
